file,bucket,symbol,kind,disposition,target_domain,source_line,notes
AppViewModel+PaperTemplateDownload.swift,mixed,downloadLatestPaperTemplate,workflow,agent,components,18,"Orchestrates downloading + staging a Paper build into the templates dir (create dir, download via PaperDownloader, versioned rename, move into place, cleanup on failure) -- component/version-management workflow the agent owns, not UI presentation; log messages are UI feedback only."
AppViewModel+Watchdog.swift,mixed,enableWatchdog / enableWatchdogSync,workflow,agent,watchdog,12,"Two entry points (async, from Preferences UI; nonisolated sync, from the Remote API HTTP handler thread -- this is POST /watchdog/enable's implementation, P0.23l) for one capability: enable the OS-level crash-relaunch watchdog via WatchdogRunner.enable. Not view presentation -- Agent."
AppViewModel+Watchdog.swift,mixed,disableWatchdog / disableWatchdogSync,workflow,agent,watchdog,21,Same reasoning as enableWatchdog -- backs POST /watchdog/disable.
AppViewModel+Watchdog.swift,mixed,checkWatchdogStatus,policy,agent,watchdog,31,"Decides whether to regenerate the launchd plist (bundle path moved since last enable) and marks the session active for crash detection -- real decision logic, not just forwarding; backs GET /watchdog/status."
AppViewModel+BedrockProperties.swift,mixed,saveBedrockPropertiesModel,workflow,agent,bedrock-properties,27,"Beyond writing server.properties (delegated to BedrockPropertiesManager.writeModel), also keeps ConfigServer.bedrockPort in sync with the written model's serverPort, persists config, and reloads live settings -- genuine cross-state-sync workflow. The other 7 methods in this file (bedrockPropertiesModel, bedrockAllowlist, addToBedrockAllowlist, removeFromBedrockAllowlist, bedrockPermissions, setBedrockPermission, removeBedrockPermission) are one-line delegations straight to BedrockPropertiesManager with no logic of their own, so per the ledger format's forwarding-glue rule they're not separately rowed -- BedrockPropertiesManager owns that logic."
AppViewModel+SessionLog.swift,mixed,sessionEventsByDay,policy,client,n/a,55,"Groups already-fetched SessionEvent data into day buckets 'for the timeline UI' (source comment). GET /session-log already returns flat events; this is a client-side display transform over agent-provided data -- Client, analogous to window/navigation-state presentation concerns."
AppViewModel+SessionLog.swift,mixed,sessionDuration,policy,client,n/a,76,"Computes and formats a human display string ('3h 5m') for the gap between a join/leave pair, over data already returned by the agent -- display-formatting concern, Client. loadSessionLogForSelectedServer/clearSessionLog/recordSessionEvent (lines 14/25/40) are one-line delegations to SessionLogManager with no logic of their own -- not separately rowed."
AppViewModel+ServerInfo.swift,mixed,effectivePaperJarURL,policy,agent,components,32,"Resolves the effective Paper jar path: explicit configured paperJarPath if it exists on disk, else serverDir/paper.jar, else nil. Server-installation-detection logic -- matches the deletion test's own example row verbatim. Agent. paperJarDisplayName (line 56) is a thin one-line display-string wrapper around this and isn't separately rowed."
AppViewModel+ServerInfo.swift,mixed,crossPlayStatus,policy,agent,components,67,"Scans the server's plugins/ folder for jar filenames containing 'geyser'/'floodgate' to classify cross-play install status (none/geyserOnly/floodgateOnly/both) -- server-installation-detection logic, matches the isGeyserInstalled-style detection already modeled in the config API family (P0.23f). Agent."
AppViewModel+ServerInfo.swift,mixed,CrossPlayStatus.label,policy,client,n/a,18,"Pure UI display-string mapping ('Off', 'Geyser only', ...) for the enum case -- presentation text, Client."
AppViewModel+JavaProcessCleanup.swift,mixed,checkForOrphansOnStartup / scanOrphansInBackground / findKillableJavaServerProcesses,workflow,agent,java-lifecycle,33,"Orphan/ghost Java process detection via JavaProcessScanner.scan, excluding the app's own managed PIDs -- genuine crash-recovery capability the agent must own (process lifecycle, not UI). Two near-identical entry points (published property vs completion-handler) collapsed into one row."
AppViewModel+JavaProcessCleanup.swift,mixed,killJavaServerProcesses / killJavaServerProcessesInternal,workflow,agent,java-lifecycle,74,"Decides graceful-stop-current-server vs SIGTERM-ghost-processes vs no-match, aggregates per-PID success/failure -- real decision + orchestration logic, Agent. showError/logAppMessage calls are presentation feedback only."
AppViewModel+JavaProcessCleanup.swift,mixed,forceTerminateAllRunningProcesses,workflow,agent,java-lifecycle,48,"Force-kills (SIGKILL) all running processes on app quit -- shutdown/cleanup workflow, Agent."
AppViewModel+Metrics.swift,mixed,updateResourceUsageMetrics,parser,agent,metrics,12,"Launches `/bin/ps -p <pid> -o %cpu,rss`, parses its output (strip header/whitespace, split columns), computes normalized CPU% (divided by logical core count, clamped 0-100) and RAM MB / fraction-of-max -- exactly the server resource-monitoring the agent's performance/metrics API (PerformanceSnapshotDTO.cpuPercent/ramUsedMB, P0.11) must replicate server-side. Agent. (Bedrock branch delegates to updateBedrockResourceUsageMetrics, not in this file.)"
AppViewModel+Notifications.swift,mixed,fireNotificationIfEnabled / notificationContent / notificationIdentifier / scheduleLocalNotification / requestNotificationPermissionIfNeeded,workflow,client,n/a,29,"Entirely native macOS notification delivery (UNUserNotificationCenter) -- a platform-specific presentation mechanism; every client (macOS/iOS/future web) would implement its own local notification UX from agent-emitted events. The per-server on/off flags it gates on (ServerNotificationPrefs) are themselves an agent-owned ConfigServer field, already covered structurally by the config-roundtrip domain (P0.15); notificationPrefs(forServerId:)/setNotificationPrefs(forServerId:) (lines 119/124) are thin accessors for that field, not separately meaningful."
AppViewModel+FinderTools.swift,mixed,(none),none,none,n/a,1,"Entire file is Finder-reveal UI (openInFinder + 6 callers, all NSWorkspace.activateFileViewerSelecting) -- the deletion test's own literal example row ('Finder / file-picker presentation | Client'). Directory-creation calls (FileManager.createDirectory) are a side effect of the reveal action ('create it if it's not there so there's something to show'), not standalone agent bootstrap logic -- no agent-owned symbol here."
ServerLifecycleManager.swift,mixed,startMetricsTimer / stopMetricsTimer,workflow,agent,metrics,69,"Periodic (5s) resource-metrics polling. This specific implementation is a macOS RunLoop Timer, but the *capability* (poll and refresh CPU/RAM/TPS/player metrics on an interval) is core agent behavior the Rust port needs its own scheduler for. Agent capability, platform-specific mechanism."
ServerLifecycleManager.swift,mixed,resetForNewRun / resetAfterTermination / beginInitiateRun / clearInitiateState + readiness/initiate/pass2 flags,workflow,client,n/a,17,"UNSURE -- see report. These per-run flags (serverReadyForAutoMetrics, hasLoggedReadyOnce, isInitiationPass2, hasIssuedAutoStopForPass2, pass2BroadcastTechTimerArmed, etc.) appear to gate the macOS app's own phased 'Initiate first run then auto-stop, then bring up playit/Xbox broadcast' wizard UX rather than domain state the agent computes -- classified Client, but an argument exists that 'has the server become ready' and 'has auto-stop already fired for this run' are exactly the kind of state a Rust agent's own operation/job tracking (the 'operation journal' in msc2-port-plan.md's Phase 3 substrate) would also need, just via a different mechanism. Needs a human call on whether this two-pass initiate/auto-stop orchestration is UI-only or agent-side operation-sequencing."
AppViewModel+BedrockPerformance.swift,mixed,updateBedrockResourceUsageMetrics / updateBedrockVMMetrics,workflow,agent,metrics,40,"Dispatches between VM in-guest stats (currentStats(), already structured, no parsing needed) and legacy `docker stats` (see parseDockerPercent/parseDockerMemoryMB row) depending on the useVMBedrockBackend config flag. Agent."
AppViewModel+BedrockPerformance.swift,mixed,parseDockerPercent / parseDockerMemoryMB,parser,agent,metrics,161,"FLAG: parses `docker stats --format {{.CPUPerc}}|{{.MemUsage}}` output ('12.34%', '512MiB / 1GiB') into normalized doubles -- real parsing logic, would be Agent if the Docker Bedrock backend were being ported. Per the reconciliation doc's D2 finding, BedrockServerBackend.swift (the Docker backend this parsing serves) is Legacy and should NOT be ported without an explicit compatibility reason. Recorded for coverage completeness; likely dead code from the Rust port's perspective -- flag for the port-order decision, not silently dropped."
AppViewModel+BedrockPerformance.swift,mixed,rollingAverage / bedrockLoad1mAverage / bedrockLoad5mAverage / bedrockLoad15mAverage,policy,agent,metrics,34,"UNIX-style rolling load averages computed from a sampled CPU-percent history -- real metrics computation, matches the load-average style already surfaced for Java/TPS (P0.3). Agent."
AppViewModel+ConfigRecovery.swift,mixed,findCorruptBackups,workflow,agent,config-recovery,19,Lists .corrupt-* backup files sorted newest-first -- directly the R3 corrupt-config recovery discovery step already fixture-covered in P0.15. Agent.
AppViewModel+ConfigRecovery.swift,mixed,serverCountInBackup,parser,agent,config-recovery,36,"Partial/defensive JSON parse (raw JSONSerialization, not a full AppConfig decode) just to count servers without needing a clean decode -- parser, Agent."
AppViewModel+ConfigRecovery.swift,mixed,restoreServersFromBackup,workflow,agent,config-recovery,55,"Decodes a corrupt-backup AppConfig and merges its servers into the live config, deduping by serverDir path or id -- real recovery-merge policy, Agent; directly extends the R3 algorithm already covered in P0.15."
AppViewModel+ConfigRecovery.swift,mixed,rescanAndImportServers,workflow,agent,config-recovery,103,"Walks the configured servers root (+ java/bedrock subdirs), detects server folders not yet in config by presence of a .jar or bedrock_server binary, classifies java-vs-bedrock, imports them -- server-installation-detection, the deletion test's own literal example row. Agent."
AppViewModel+XboxBroadcastDownload.swift,mixed,loadXboxBroadcastJars / setActiveXboxBroadcastJar / deleteXboxBroadcastJarItem / addXboxBroadcastJarFromBrowse,workflow,agent,broadcast,24,"Manages the XboxBroadcast JAR library folder (scan/sort, set-active, delete, copy-in-from-browse) -- component/JAR library management directly backing the broadcast route family (P0.23j). openXboxBroadcastJarFolder (line 90) is pure Finder-reveal, Client, not separately rowed."
AppViewModel+XboxBroadcastDownload.swift,mixed,isXboxBroadcastHelperInstalled,policy,agent,broadcast,98,"Checks whether the configured JAR path exists on disk -- installation-detection, the deletion test's own example. Agent."
AppViewModel+XboxBroadcastDownload.swift,mixed,downloadOrUpdateXboxBroadcastJar / downloadXboxBroadcastJarCore,workflow,agent,broadcast,111,"Downloads the latest MCXboxBroadcastStandalone.jar, stages to a temp file, renames with the release tag, moves into place, updates config, guards against concurrent downloads -- the actual implementation backing POST /broadcast/download-jar (BroadcastJarDownloadResultDTO, P0.23j). Agent."
AppViewModel+WorldRepair.swift,mixed,repairWorldLevelDat,workflow,agent,worlds,19,"Full Bedrock level.dat repair sequence: read level-name, safety backup, point at a throwaway level, start the server and poll for readiness (180s timeout) so BDS regenerates level.dat, stop and wait, copy regenerated level.dat/level.dat_old/levelname.txt into the real world folder, cleanup, restore original level-name on any failure path. Backs POST /worlds/repair (P0.23c). Agent -- unambiguous; logLine callback is UI progress-feedback only, not separately significant."
AppViewModel+ClientExport.swift,mixed,buildClientExportItems / clientSideStatus(from:) / clientSideStatus(fromEnvironment:) / ClientSideStatus.isSelectedByDefault,policy,agent,modpack-client-only,69,"Scans a server's mods/plugins folder, classifies each installed jar's client-side requirement from (a) a persisted Modrinth link's clientSide value, else (b) parsing fabric.mod.json's environment field (ModJarMetadataParser.parse), else 'unknown'/assumed; filters out Geyser/Floodgate managed plugins and (for Paper/Purpur) server-only/unknown items; resolves display names; sorts by classification rank. Directly parallel to the modpack-client-only domain already fixture-covered (P0.17) -- a distinct code path (exporting an already-running server's mods vs. classifying a modpack import) but the same underlying decision. Agent. ClientSideStatus.displayLabel (line 31) is pure UI text, Client, not separately rowed."
AppViewModel+ClientExport.swift,mixed,writeZip (JAR staging + `/usr/bin/zip -j`),workflow,agent,modpack-client-only,168,"Stages selected JARs into a temp dir and shells out to `/usr/bin/zip -j` to build the deliverable client-mods archive -- real file-staging + process-invocation workflow, Agent. The NSSavePanel presentation in exportClientModsAsZip (line 159) that triggers it, and the NSWorkspace Finder-reveal on success, are both Client (file-picker/Finder presentation)."
AppViewModel+ClientExport.swift,mixed,copyClientLinksToClipboard,workflow,client,n/a,208,"Builds a bullet-point text list and writes it to NSPasteboard -- clipboard delivery is a platform-specific client mechanism, Client, similar reasoning to the native-notification file. The per-item modrinthURL formula (ClientExportItem, line 56) is a trivial URL template, not separately significant."
AppViewModel+APIWiring.swift,mixed,wireInfraProviders (watchdogStatus/enableWatchdog/disableWatchdog/connectivity/playitStatus/startPlayit/stopPlayit/duckdnsStatus/updateDuckDNS providers),workflow,agent,watchdog/playit/duckdns,47,"Reference implementation for the watchdog, connectivity, playit, and duckdns routes already catalogued in the API baseline (P0.23i/l/r). Mostly forwarding to existing managers/state; playit start/stop embed real state-machine gating (not_enabled/no_secret_key/already_running/not_running). Agent."
AppViewModel+APIWiring.swift,mixed,ramConfigProvider / updateRAMConfigProvider,policy,agent,config,114,"FLAG -- the actual RAM-allocation clamping policy backing POST /config/ram (P0.23f), more specific than what the OpenAPI baseline captured: Bedrock allows only maxRamGB (0=app default 2GB, clamped to [0, physicalRAMGB]); Java enforces 0.5 <= min <= max <= physicalRAMGB (coerced in that order), then rounds to 1 decimal place. This exact clamping formula needs to survive into the Rust port and isn't written down anywhere else yet."
AppViewModel+APIWiring.swift,mixed,geyserConfigProvider / updateGeyserConfigProvider,workflow,agent,config,182,"Reference implementation for GET/POST /config/geyser (P0.23f) -- checks GeyserConfigManager.isGeyserInstalled before allowing an update (not_installed otherwise), delegates read/write to GeyserConfigManager. Agent."
AppViewModel+ConfigHelpers.swift,mixed,upsertServer / setActiveServer / deleteServer(withId:) / deleteServerFromDisk(withId:),workflow,agent,servers,26,"Config-array CRUD (upsert/set-active/delete) plus disk-folder deletion with a running-server guard -- backs server CRUD and the /servers/delete route (P0.23a). reloadServersFromConfig (line 12) is UI display-list sync, not separately significant."
AppViewModel+ConfigHelpers.swift,mixed,resetApplicationForTesting / validateResetDeletionTarget,policy,agent,n/a,133,"FLAG -- full app-reset workflow (delete Application Support + servers root, clear Keychain secrets, clear UserDefaults/in-memory state) guarded by real safety-validation logic (refuse to delete '/', home dir, /Applications, or anything outside the actual Application Support root / not named 'MinecraftServerController'). This IS the kind of path-safety policy msc2-port-plan.md's Phase 3 substrate (path safety, atomic writes) calls for -- directly relevant prior art, not just an app-testing utility to discard. clearMSCUserDefaultsForFreshInstall/clearInMemoryStateAfterReset are UI-state/prefs cleanup, thin."
AppViewModel+APIWiringWorlds.swift,mixed,"wirePlayerAndWorldProviders (playerProfilesProvider, worldSlotsProvider, activateWorldSlotProvider, createWorldSlotProvider, renameWorldSlotProvider, replaceWorldSlotProvider, repairWorldSlotProvider)",workflow,agent,worlds/players,16,"Reference implementation for GET /players/profiles, GET /worlds, and all 5 POST /worlds/* routes already in the API baseline (P0.23c, P0.23q). Confirms/refines status messages the OpenAPI 409 description didn't fully enumerate: repairWorldSlotProvider also returns not_active_slot (repair target isn't the currently-active slot) and replaceWorldSlotProvider returns same_slot (dest==source) -- worth folding into the OpenAPI baseline's response descriptions on a later pass. All delegate the actual disk work to WorldSlotManager (not in this file). Agent."
AppViewModel+APIWiringBackupsHealth.swift,mixed,wireBackupProviders (backupItemsProvider/createBackupNowProvider/restoreBackupProvider),workflow,agent,backups,16,"Reference implementation for GET/POST /backups* routes (P0.23e). Agent, thin DTO-mapping + delegation to backupItems/createBackupForSelectedServer/restoreBackup (not in this file)."
AppViewModel+APIWiringBackupsHealth.swift,mixed,healthCardTitle / healthCardShort / healthCardIcon / healthActionCode,policy,agent,health,44,"id-to-title/shortLabel/iconSystemName/actionCode presentational maps, explicitly 'ported from HealthCardsGridView so iOS renders identical labels without re-deriving them' (source comment) -- conceptually UI-label text, but part of the documented HealthCardDTO wire response (title/shortLabel/iconSystemName fields) the agent sends today, so per D-006 the wire contract makes this Agent-owned even though its content is presentational. Worth a second look at whether MSC 2's client should own this instead -- a real UI-vs-wire-contract tension -- but preserving current wire behavior means Agent for now."
AppViewModel+APIWiringBackupsHealth.swift,mixed,loadPersistedProblems / mapProblem,parser,agent,health,112,"loadPersistedProblems parses <serverDir>/last_startup_result.json as a disk fallback when in-memory startup-problem results are empty; mapProblem computes availableActions from problem.kind/fields and resolves a Modrinth slug/URL via ModrinthSlugNormalizer.canonicalSlug (already covered, P0.16). Agent."
AppViewModel+APIWiringBackupsHealth.swift,mixed,wireHealthProviders (healthProvider/healthProblemsProvider/repairHealthProblemProvider),workflow,agent,health,139,"Reference implementation for GET /health, GET /health/problems (both orphan routes not yet in any documented API-baseline family -- additional evidence for the P0.23a orphan-routes finding) and POST /health/repair (P0.23h). Dispatches repair actions (update/install/disable/delete) to the same methods the desktop UI's StartupProblemsSheet uses. Agent."
ModpackClientOnlyClassifier.swift,mixed,isManifestServerUnsupported / clientOnlyReason / modrinthProjectId / isModsJar / disableJar,policy,agent,modpack-client-only,58,"Already fully covered by fixtures/modpack-client-only/*.json (P0.17, 18 fixtures) -- no new extraction needed, confirming coverage rather than assuming it."
ModpackClientOnlyClassifier.swift,mixed,knownClientOnlyReason,policy,agent,modpack-client-only,40,"FLAG -- Tier 0 hardcoded shader/renderer blocklist (oculus/mekalus/rubidium/embeddium/iris/optifine/optifabric prefix matching), called BEFORE the Modrinth/jar-manifest tiers per its own doc comment. This function exists in MSC 1 but has NO corresponding P0.17 fixture -- a real coverage gap in the earlier extraction step, discovered here. Should get its own fixtures before/alongside Rust translation of this domain."
ModpackClientOnlyClassifier.swift,mixed,disabledURL(forActiveJar:),policy,agent,modpack-client-only,122,FLAG -- trivial (appends '.disabled' extension) but also has no P0.17 fixture; noted for completeness alongside knownClientOnlyReason.
AppViewModel+APIWiringAddons.swift,mixed,"wireAllowlistAddonVersionProviders (mutateAllowlistProvider, addonsProvider, updateAddonProvider, removeAddonProvider, catalogSearchProvider, installAddonProvider, versionsProvider, createVersionsProvider, changeVersionProvider, javaRuntimesProvider, getJavaConfigProvider, setJavaConfigProvider, broadcastJarStatusProvider, downloadBroadcastJarProvider)",workflow,agent,components/allowlist/broadcast/config,16,"Reference implementation for POST /allowlist (P0.23p), the components/addons/versions family (P0.23d + orphan GET /addons, /catalog/search, /java-runtimes, /versions, /versions/create -- more orphan-route evidence), GET/POST /config/java-runtime (P0.23f), and GET /broadcast/jar-status + POST /broadcast/download-jar (P0.23j). FLAG: changeVersionProvider embeds a real downgrade-guard policy -- before applying a version change it compares the target MC version against the currently pinned one via MCVersionComparator.isDowngrade (already covered, P0.4) and, if it's a downgrade, forces an automatic pre-downgrade backup before proceeding, failing closed (backup_failed) if that backup fails. Not visible from the OpenAPI docs alone."
AppViewModel+APIWiringSettings.swift,mixed,"resourcePacksProvider family (buildResourcePacksResponse, resourcePacksProvider, activateResourcePackProvider, setResourcePackURLProvider, toggleGeyserPackProvider, removeResourcePackProvider)",workflow,agent,resourcepacks,20,"Reference implementation for the resourcepacks family (P0.23k). FLAG: activateResourcePackProvider computes a SHA1 hash of the pack file (ResourcePackManager.sha1Hex) and starts a small local HTTP file-hosting server (resourcePackHostServer) so the Minecraft client can download the pack from http://<host>:<port>/<encoded-filename> -- a genuine mini resource-pack-hosting capability the agent must replicate, not just CRUD."
AppViewModel+APIWiringSettings.swift,mixed,settingsProvider / updateSettingsProvider,workflow,agent,settings,193,"Reference implementation for GET/POST /settings (P0.23b -- not in this batch's scope, but ledgered here regardless since the file is in front of me). Delegates to ServerSettingsSchema.applyJava/applyBedrock (already covered, P0.7) and .javaSections/.bedrockSections. Agent."
AppViewModel+APIWiringSettings.swift,mixed,backupConfigProvider / updateBackupConfigProvider,policy,agent,backups,277,"Backs GET/POST /backups/config (P0.23e). FLAG: embeds validation the OpenAPI docs didn't capture -- autoBackupIntervalMinutes must be one of [15,30,45,60,120,240,360] or it silently falls back to 30 (not rejected); autoBackupMaxCount is clamped to [3,50]. Agent."
AppViewModel+APIWiringSettings.swift,mixed,listUsersProvider / createUserProvider / revokeUserProvider / updateUserProvider,policy,agent,users,327,"Backs the /users family (P0.23g). FLAG: createUserProvider's token-generation algorithm is `UUID().uuidString + UUID().uuidString.replacingOccurrences(of: ""-"", with: """")` (two concatenated UUIDs, second one dash-stripped) -- worth flagging explicitly since token generation is security-sensitive and this exact scheme must be preserved or deliberately upgraded, not silently changed. updateUserProvider's expiresInDays semantics: -1 clears expiry, a positive value computes a future ISO8601 date from today, nil leaves it unchanged. Agent."
AppViewModel+APIWiringContent.swift,mixed,playerSkinProvider,workflow,agent,players,68,"Backs the players family (P0.23q, orphan-adjacent). Multi-source skin resolution (manual lookup override -> Bedrock gamertag avatar via BedrockSkinFetcher -> Java mc-heads.net avatar fetch -> local skin-file), extracts/crops the face, PNG-encodes as base64 for the wire response (PlayerSkinResponseDTO.imageBase64) -- image processing that's part of the documented wire contract, so Agent per the same reasoning as the health-card-labels row, even though cropping/rendering is otherwise a client-flavored concern."
AppViewModel+APIWiringContent.swift,mixed,playerSkinOverrideProvider / hiddenProfileProvider,workflow,agent,players,125,"Thin, backs the players family (P0.23q). Agent."
AppViewModel+APIWiringContent.swift,mixed,filesProvider / fileReadProvider / resolvedServerFileURL,policy,agent,n/a,41,"FLAG -- implements GET /files, GET /files/read (both orphan routes, admin-only per RemoteAPIServer+HTTP.swift, not yet in any documented API-baseline family). resolvedServerFileURL is a real PATH-TRAVERSAL SAFETY CHECK: resolves symlinks and requires the resolved path to stay within the server's root directory, refusing otherwise -- directly the kind of path-safety policy msc2-port-plan.md's Phase 3 substrate calls for (same category as the app-reset validateResetDeletionTarget row above). Plus a previewableFileExtensions allowlist and a 512KB read-size truncation cap. Strong Agent, security-relevant."
AppViewModel+APIWiringContent.swift,mixed,clientExportProvider,workflow,agent,modpack-client-only,277,"Implements GET /components/client-export (orphan route, not in any documented family). Delegates classification to buildClientExportItems (AppViewModel+ClientExport.swift, ledgered above), then builds either a links-text response (Paper-like servers) or a ZIP archive (base64-encoded directly in the JSON response body) via `/usr/bin/zip -j`. Agent."
AppViewModel+APIWiringServerMgmt.swift,mixed,renameServerProvider / deleteServerProvider / createServerProvider / acceptEULAProvider,workflow,agent,servers,19,"Reference implementation for the servers family (P0.23a) -- createServerProvider is substantial: validates/defaults serverType/javaFlavor/difficulty/gamemode, dispatches to createNewServer (Java) or createNewBedrockServer (Bedrock), auto-accepts EULA, writes a max-players override directly to server.properties post-creation, and generates an xbox_broadcast_jar_not_configured warning when relevant. Agent, confirms/extends P0.23a."
AppViewModel+APIWiringServerMgmt.swift,mixed,scanExistingServerInfo,workflow,agent,servers,252,"FLAG -- reuses the exact `ditto` mode-000 ZIP-extraction workaround already fixture-covered in P0.19 ('Use ditto to avoid /usr/bin/unzip's mode-000 quirk on user-uploaded archives', same reasoning verbatim). Good confirming evidence that this workaround is load-bearing in more than one place in MSC 1. Also flattens a single-subdir-only extracted archive (common .zip-of-a-folder shape) before scanning. Agent."
AppViewModel+APIWiringServerMgmt.swift,mixed,templateFlavorForFilename,parser,agent,templates,244,"FLAG -- small jar-filename-prefix parser (purpur-/pufferfish/minecraft_server-/fabric-server-launch -> JavaServerFlavor, default paper) with no corresponding fixture domain yet. Agent."
AppViewModel+APIWiringServerMgmt.swift,mixed,templateIdFor / templateFilenameFromId / buildTemplatesResponse / templatesProvider / templateMutationProvider,workflow,agent,templates,236,Reference implementation for GET/POST /templates (P0.23s). Agent.
AppViewModel+APIWiringServerMgmt.swift,mixed,serverImportScanProvider / serverImportProvider,workflow,agent,servers,449,"Reference implementation for POST /servers/import (P0.23a) -- handles zip/folder/transfer-package import kinds, transfer merge/replaceAll modes (replaceAll requires a pre-replace backup, backup_path_required/backup_failed otherwise), and EULA/port/maxPlayers overrides. Agent, confirms/extends P0.23a."
OverviewChatCardView.swift,mixed,ChatFeedParser.parseEntry / parseLine / strippedPayload / firstField,parser,agent,console,168,"THE reconciliation doc's flagship example (msc2-audit-reconciliation.md D1, lines 37-48) -- a complete console chat parser (chat '<player> message', advancements/challenges/goals, Java 'joined/left the game', Bedrock 'Player connected/disconnected') sitting underneath a SwiftUI card. Confirmed here directly. Agent, unambiguous. The OverviewChatCardView struct itself (body/feed/row/emptyState) is routine SwiftUI presentation, Client, not separately rowed."
JavaInstaller.swift,mixed,minecraftInstallOptions / recommendedOption(forMinecraftVersion:),policy,agent,java-runtime,37,"Curated Java-major <-> Minecraft-version-range compatibility table (mirrors JavaRuntimeManager.requiredJavaMajor, P0.5) plus a 'recommended' flag -- real compatibility knowledge, Agent, even though it's consumed by a picker UI."
JavaInstaller.swift,mixed,installerURL / downloadInstaller / manualDownloadURL,workflow,agent,java-runtime,75,"UNSURE -- see report. Queries the Adoptium API for a Temurin .pkg matching the host architecture (arm64-then-x64 fallback), downloads it to ~/Downloads, and (via JavaInstallerSheet, not ledgered separately) opens it in macOS's Installer.app for the user to click through. The decision logic (which major, which architecture) is clearly Agent; but the actual mechanism -- fetch a macOS .pkg and hand it to the system GUI installer -- is Mac-specific with no obvious equivalent on the headless Linux/Windows agent targets (those would need apt/winget/manual-JDK-extraction instead). Marked Agent here since the capability ('help get a compatible JDK installed') belongs to the agent conceptually, but the concrete mechanism is really a macOS Platform-bucket adapter, not portable Rust logic as written -- needs a human call on how this maps across platforms."
JavaRuntimeManager.swift,mixed,requiredJavaMajor / detectJavaMajor / detectInstalledJavaRuntimes / normalizedJavaExecutablePath / compatibilityWarningText / compatibilityWarning,policy,agent,java-runtime,34,"Already fully covered by fixtures/java-runtime-guards/*.json (P0.5, 15 fixtures) -- no new extraction needed, confirming coverage."
JavaRuntimeManager.swift,mixed,parseMajor(fromVersionOutput:) / runJavaVersion,parser,agent,java-runtime,90,"FLAG -- parses real `java -version` output (e.g. `openjdk version ""21.0.3""` or legacy `java version ""1.8.0_402""`) into a major-version integer. NOT covered by any P0.5 fixture (those exercised detectInstalledJavaRuntimes via a fake non-functional shell-script stub specifically to avoid needing real version-string parsing) and, re-checking JavaRuntimeGuardsTests.swift, NOT tested by MSC 1 itself either -- a genuine untested parser in the source, not just an extraction gap. Real logic (legacy '1.8.x' -> major 8 special case) that needs its own fixtures before Rust translation."
JavaRuntimeManager.swift,mixed,inferJavaMajorVersion / javaRuntimeDisplayName / cleanedJavaRuntimeName / shouldInspectJavaRuntimeCandidate / defaultJavaRuntimeSearchRoots,parser,agent,java-runtime,192,"Supporting helpers for detectInstalledJavaRuntimes (already covered, P0.5) -- regex-based major-version inference from a directory path as a fallback when detectJavaMajor fails, vendor-name cleanup for display, Homebrew/SDKMAN/jEnv search-root heuristics. Not separately fixture-tested by name but exercised transitively through the P0.5 detect-installed-* fixtures. Agent."
AppViewModel+ServerSettings.swift,mixed,applyInitialSetup,workflow,agent,setup,12,"First-run pipeline: creates the servers root + template dirs on disk, resolves/normalizes the Java path via resolvedJavaPath, marks initialSetupDone, persists config, and reloads server list from disk. Real filesystem-establishing workflow the agent must own -- not view presentation."
AppViewModel+ServerSettings.swift,mixed,handleInitialSetupDismissed / stageConceptGuideThenTourIfNeeded / handleConceptGuideDismissed / markConceptGuideShown / showConceptGuideFromPreferences / handleHandbookDismissed / markHandbookShown / showServerHandbookFromPreferences,none,client,n/a,40,"Onboarding tour / Concept Guide / Handbook dismiss-and-chain state machine. Pure window/navigation sequencing (which sheet shows next, with a DispatchQueue delay for animation) -- matches the deletion test's 'window and navigation state -> Client' row exactly. markConceptGuideShown/markHandbookShown do persist a boolean flag via configManager, but it's a one-off 'has seen this' UI flag, not domain state."
AppViewModel+ServerSettings.swift,mixed,refreshEULAState / acceptEULA,none,client,n/a,111,"Both are one-line delegations to EULAManager.readEULA / EULAManager.writeAcceptedEULA plus a local @Published update and a log line -- EULAManager (not in this batch) owns the actual eula.txt read/write logic, so per the forwarding-glue rule these aren't separately rowed here."
AppViewModel+ServerSettings.swift,mixed,loadServerSettings / saveServerSettings,parser,agent,server-settings,132,"Builds a ServerSettingsData view-model by reading server.properties + Geyser config.yml and applying defaults (port 25565, motd, max-players 20, online-mode true) and resolves the effective Bedrock port across two possible sources; save writes back a validated subset of server.properties. Real cross-file property assembly/defaulting, not just UI plumbing."
AppViewModel+ServerSettings.swift,mixed,effectiveBedrockPort / persistBedrockPort,policy,agent,bedrock-geyser,175,"Decides which of three possible sources is authoritative for a server's Bedrock port: explicit ConfigServer.bedrockPort, else (for BDS) the live bedrock_server.properties value via BedrockPropertiesManager, else the Geyser config.yml port. This precedence rule is real domain policy reused by saveServerPropertiesModel, loadGeyserConfig, and the router guide resolver."
AppViewModel+ServerSettings.swift,mixed,loadServerPropertiesModel / saveServerPropertiesModel,workflow,agent,server-settings,195,"Beyond writing server.properties, keeps ConfigServer.bedrockPort in sync, patches Geyser's config.yml bedrock.port while preserving its address, re-syncs the Xbox broadcast config, and on first-time Bedrock-port-set for a playit-enabled server queues a 'you still need a Bedrock tunnel' alert. Genuine multi-system sync workflow -- agent."
AppViewModel+ServerSettings.swift,mixed,loadGeyserConfig / saveGeyserConfig,workflow,agent,geyser,258,"saveGeyserConfig validates the typed port string (empty vs non-numeric vs valid), persists it to ConfigServer, re-syncs the Xbox broadcast config, and writes config.yml only if it already exists (otherwise logs a 'start the server once first' hint) -- real validation + orchestration, not a one-line forward."
AppViewModel+ServerSettings.swift,mixed,saveDuckDNSHostname,workflow,agent,duckdns-broadcast,310,"Trims and stores the DuckDNS hostname, then re-syncs the Xbox broadcast config for every server that has broadcast enabled or a broadcast config path -- fan-out side effect beyond a simple setter."
AppViewModel+ServerSettings.swift,mixed,applyPreferences / updatePreferences,workflow,agent,preferences,330,"Normalizes/validates the servers-root and Java paths, persists extraFlags, and on a remoteAPIExposeOnLAN change immediately reconfigures the live Remote API server's listen scope (remoteAPIServer?.setListenOnAllInterfaces) -- this last part is a live network-binding change, squarely agent. makePreferencesModel (line 320) is a plain DTO mapper reading cfg fields with no logic and isn't separately rowed."
AppViewModel+ServerSettings.swift,mixed,javaAddressForDisplay / javaPortForDisplay / bedrockAddressForDisplay / bedrockPortForDisplay,policy,agent,connection-info,371,"DECIDED (agent) -- bedrockAddressForDisplay recognizes wildcard bind addresses (0.0.0.0, ::, 0:0:0:0:0:0:0:0) and substitutes the LAN IP; bedrockPortForDisplay prefers the live-parsed Geyser port over the configured/desired one. This is 'what address/port can a client actually connect to' -- the same reachability domain already owned by GET /connectivity (P0.30) -- so it belongs next to that existing capability rather than being re-derived per client from raw config fields. Decided agent."
AppViewModel+ServerSettings.swift,mixed,resolvedJavaPath,policy,agent,java-runtime,404,"Defaults an empty path to ""java"", delegates JAVA_HOME-vs-executable normalization to JavaRuntimeManager.normalizedJavaExecutablePath, and logs when normalization changed the value or failed. Shared by applyInitialSetup, applyPreferences, and updatePreferences -- a real default+normalize decision, not pure glue."
ServerProcessManager.swift,mixed,validatedJavaLaunchInfo / runAndCapture / validateLooksLikeJava / validationError / expandingTilde,policy,agent,java-runtime,64,"Validates a user-supplied Java path before ever launching a server: resolves absolute-path vs command-on-PATH (via /usr/bin/which), checks existence/executable-bit, then runs `-version` (directly, or via /usr/bin/env for PATH commands) and pattern-matches the output for 'openjdk' / 'java version' / 'hotspot' etc. to confirm it's actually a JVM before trusting it. Real pre-flight validation policy the agent must reproduce exactly to avoid launching servers against a broken Java path."
ServerProcessManager.swift,mixed,startServer,workflow,agent,process-lifecycle,193,"Builds the full java invocation: refuses if already running, validates the Java path, appends byte-identical-to-JavaServerLaunchHelper heap flags, hardcoded sandbox-suppression JVM flags (jna.nosys/jna.nounpack/jline.terminal=dumb/io.netty.noUnsafe -- these exist specifically to stop Gatekeeper popups from unsigned native libs), user extraFlags, then either a NeoForge @argsfile launch or a plain -jar launch with jar-presence validation, wires stdout/stderr into one pipe, and starts the Process. This is the core server-launch workflow -- must be ported precisely, flags and all."
ServerProcessManager.swift,mixed,sendCommand / requestStop / terminate,workflow,agent,process-lifecycle,318,"Stdin command delivery to the running server (with lastStdinWriteError surfaced for the UI), a 'stop' convenience, and graceful-vs-already-stopped termination handling that preserves callback ordering (keeps a strong Process reference until terminationHandler fires)."
ServerProcessManager.swift,mixed,handleIncoming / flushPendingOutput / cleanupProcess,parser,agent,console-log-streaming,365,"Buffers arbitrary-sized stdout/stderr reads, splits on 0x0A into complete lines (holding partial lines across reads), and flushes any trailing partial line as a final line on EOF/termination. This is the console log line-framing the rest of the app's log parsing (TPS, player-join detection, etc., not in this file) depends on -- must be preserved byte-for-byte."
AppViewModel+PluginManagement.swift,mixed,installModrinthAddon / installModrinthVersion,workflow,agent,plugin-management,20,"Resolves the server's add-on kind (plugin vs mod) and Modrinth loader facets, queries ModrinthAPI for compatible versions, downloads the chosen file into plugins/ or mods/, then installs required dependencies and invalidates the cached addon plan. Component-install workflow, same shape as the PaperTemplateDownload example -- agent."
AppViewModel+PluginManagement.swift,mixed,addPluginFromFilePicker,workflow,agent,plugin-management,77,"DECIDED (agent, install half only -- not actually an agent-vs-client ambiguity, just a function that mixes both halves) -- the NSOpenPanel presentation is pure client file-picker UI and stays client; the method also does the actual install (creates plugins/, removes any same-name file, copies the chosen JAR in, refreshes state), and that half is agent. The port splits this into a client-side picker calling an agent-side 'install this jar from bytes' operation equivalent to lines 90-103."
AppViewModel+PluginManagement.swift,mixed,togglePlugin / removePlugin / isSVCJar,workflow,agent,plugin-management,112,"Enable/disable toggles a plugin between .jar and .jar.disabled by renaming on disk; remove deletes the JAR outright. Both special-case Simple Voice Chat (isSVCJar's filename-pattern classification, reused three times in this file) by clearing saved SVC prompt prefs and re-checking checkSVCTunnelMismatch() (defined elsewhere) -- real plugin-lifecycle + cross-feature policy, agent."
AppViewModel+PluginManagement.swift,mixed,disableSVCPlugin / dismissSVCTunnelMismatch / confirmSVCPortForwarding,workflow,agent,svc-tunnel,176,"Alert-driven resolution actions for the 'SVC tunnel mismatch' flow: disableSVCPlugin finds and disables the SVC jar for an arbitrary server id (independent of current selection) by direct directory scan+rename; the other two persist per-server 'don't ask again' / 'confirmed port forwarding' flags that the (not-in-this-file) tunnel-mismatch check consumes. Real policy state, not view glue."
AppViewModel+PluginManagement.swift,mixed,setPluginSource / removePluginSource,policy,agent,plugin-management,216,"Stores/removes a PluginSourceConfig (URL + type) keyed by jar stem, and on every mutation de-duplicates by removing any other key that is a prefix-match of the new/removed stem in either direction -- a real algorithm to keep source mappings correct across plugin version-string changes, not a plain dictionary setter."
AppViewModel+PluginManagement.swift,mixed,downloadPluginWithSourceCheck / downloadLatestForPlugin,workflow,agent,plugin-management,259,"Direct-URL sources download immediately; indirect sources first resolve a live version+URL (fetchOnlineVersion, elsewhere) using the detected local Paper MC version. downloadLatestForPlugin then streams the download to a temp file, validates the HTTP status, derives the final filename from the URL, removes any existing JAR(s) sharing the display-name prefix (including disabled ones), moves the new file into place, and re-keys the source mapping if the filename stem changed. Substantial download-and-replace workflow -- agent."
AppViewModel+WorldManagement.swift,mixed,refreshWorldSize,workflow,agent,worlds,12,"Reads level-name from server.properties, derives the main/nether/end folder names, sums their on-disk sizes off the main thread via AppUtilities.directorySizeInBytes, and formats the total. Real domain-specific folder-set derivation (Java's three-region-folder convention), not just a size readout."
AppViewModel+WorldManagement.swift,mixed,replaceWorld,workflow,agent,worlds,46,"Full world-replacement pipeline: refuses while the target server is running, validates the chosen source (fresh / backup ZIP integrity-checked via validateZipArchive / existing folder existence), optionally takes a pre-replace safety backup and aborts on failure, computes Bedrock-vs-Java world folder layout (worlds/<name>/ vs server root), deletes the old world folder set, installs the new one (extract ZIP or copy folder), and rewrites level-name. Every branch has its own user-facing failure message -- a real multi-step workflow with abort semantics, agent-owned."
AppViewModel+WorldManagement.swift,mixed,renameWorld,workflow,agent,worlds,156,"Similar Bedrock/Java-aware world-folder-set logic, but with rollback: pre-checks that none of the target names already exist, moves each region folder in turn, and if any single move fails, walks movedPairs.reversed() to move already-renamed folders back before reporting failure -- genuine transactional-rename logic worth preserving precisely."
AppViewModel+WorldManagement.swift,mixed,validateZipArchive / unzipWorldBackup / copyExistingWorldFolder,workflow,agent,worlds,253,"Shells out to /usr/bin/unzip (-t to validate, -o -d to extract) and wraps FileManager copy for the 'existing folder' source case; shared by replaceWorld. Subprocess-driving I/O, agent."
ConfigManager.swift,mixed,init,workflow,agent,config-persistence,40,"Resolves/creates the Application Support directory, and on existing config: does a one-time plaintext-to-Keychain migration for the old remote_api_token and per-server xbox_broadcast_alt_password JSON keys (reading raw JSON directly, since the typed AppConfig no longer carries them), decodes AppConfig, clamps remoteAPIPort to a valid range, then populates secrets from Keychain. On decode failure (R3), preserves the corrupt file as a timestamped .corrupt-<ts> copy before falling back to defaults, recording the path for a one-time user alert. This is real config-lifecycle and pairing-token migration policy -- must be preserved exactly to avoid silently losing a user's Remote API token or Xbox passwords on first Rust-agent run against an existing config file."
ConfigManager.swift,mixed,reload,workflow,agent,config-persistence,153,"Re-reads config.json from disk (or resets to defaults if the file vanished), re-clamps remoteAPIPort, and re-populates Keychain-backed secrets. Distinct from init in that it has no migration/corruption-recovery path -- agent-owned disk-sync workflow."
ConfigManager.swift,mixed,save,workflow,agent,pairing-security,185,"Before writing JSON: persists the in-memory Remote API token to Keychain, and if no token exists anywhere yet, generates a fresh one (AppConfig.generateRemoteAPIToken) and writes it to Keychain -- this is literally the pairing-token lifecycle the deletion test calls out as agent-owned. Also persists every server's Xbox broadcast alt-password to Keychain. Then atomically encodes+writes config.json (pretty-printed, sorted keys) and fires onSaveError at most once per session on failure."
ConfigManager.swift,mixed,populateSecretsFromKeychain,workflow,agent,pairing-security,236,"Hydrates the in-memory config's Remote API token and each server's Xbox alt-password from Keychain after every decode/reload; generates+stores a brand-new token if none exists (first install case). JSON intentionally omits these fields -- Keychain is the source of truth, and this is the rehydration step that makes that split work. Directly relevant to the agent's pairing/token design."
AppViewModel+ResourcePacks.swift,mixed,loadResourcePacksForSelectedServer,workflow,agent,resource-packs,22,"Lists installed Java or Bedrock packs via ResourcePackManager, determines Geyser availability/pack list for Java servers, and if a Java pack is marked active, ensures the local HTTP host server is actually serving it (self-healing sync between on-disk state and the running host). Real state-reconciliation workflow."
AppViewModel+ResourcePacks.swift,mixed,presentResourcePackPicker / presentGeyserPackPicker,none,client,n/a,64,"NSOpenPanel presentation filtered by content type (.zip, or .mcpack/.zip for Bedrock/Geyser) that immediately delegates to installResourcePack/installGeyserPack with no logic of its own beyond picking the file -- pure Finder/file-picker presentation per the deletion test."
AppViewModel+ResourcePacks.swift,mixed,installResourcePack / installGeyserPack,workflow,agent,resource-packs,99,"Validates Java packs must be .zip (rejects other extensions with a user-facing error) before delegating to ResourcePackManager.installJavaPack/installBedrockPack/installGeyserPack off the main thread, then refreshes state. Real format-gatekeeping, agent."
AppViewModel+ResourcePacks.swift,mixed,removeResourcePack / removeGeyserPack / setGeyserPackEnabled,workflow,agent,resource-packs,157,"Delegates removal/enable-toggle to ResourcePackManager, but also stops the resource-pack HTTP host server when the currently-hosted active Java pack is the one removed -- a real cross-component consequence beyond a plain delegate call."
AppViewModel+ResourcePacks.swift,mixed,setJavaPackActive / setJavaActivePack / resourcePackHostAddress,workflow,agent,resource-pack-hosting,188,"Deactivation clears the active-pack fields and stops the local host. Activation requires a public-facing host address (DuckDNS hostname, else cached public IP -- resourcePackHostAddress's own policy) and errors out with a specific user-facing message if none is available; otherwise computes the pack's SHA1, builds a percent-encoded public download URL, starts an embedded HTTP file server (resourcePackHostServer) bound to the server's configured port, and writes url+sha1+require into the server.properties-equivalent config. This is a real embedded-server-plus-protocol workflow (Java's resource-pack-url/resource-pack-sha1/require-resource-pack mechanism), squarely agent."
AppViewModel+ResourcePacks.swift,mixed,ensureResourcePackHostRunning / startResourcePackHostIfNeeded,workflow,agent,resource-pack-hosting,279,"Starts (or restarts, if the bound port drifted from the configured one) the local HTTP host serving the Java packs directory; called both on pack-list reload and on server start so joining players can always fetch the active pack."
RouterPortForwardGuideRuntimeResolver.swift,mixed,RouterPortForwardGuideRuntimeContext.makeRecommendedProtocol,policy,agent,port-forwarding-guidance,59,"DECIDED (agent) -- always forward TCP for Java; only add UDP when Bedrock/Geyser is enabled, and which port(s) to mention. This is domain knowledge tied directly to the server's own configuration (server type, Geyser enabled or not), the same class of thing as the settings schema (agent-owned, client-rendered) -- it belongs next to the config it depends on so every client gets consistent, correctly-derived guidance instead of re-implementing the Java/Bedrock/Geyser port-selection rule themselves. Producing a display string rather than persisted state doesn't change that; the settings schema itself is 'just' a display structure too. Decided agent."
RouterPortForwardGuideRuntimeResolver.swift,mixed,"RouterPortForwardGuideRuntimeResolver.resolve / resolveGuide / resolveBestMatch / resolveItem / resolveText, RouterPortForwardGuideRuntimeContext.resolvedString / fallbackString / cleaned",workflow,client,n/a,20,"DECIDED (client, confirmed) -- a `{{token}}`-placeholder templating engine substituting live values (or a fallback string) into static router-guide help text produced elsewhere (RouterPortForwardGuideComposer, not this file). No I/O, no persistence, and the values it substitutes are already agent-owned data the client receives through other accessors -- this is help-content rendering, not a capability that would be 'deleted' from the agent. Confirmed client."
RouterPortForwardGuideRuntimeResolver.swift,mixed,AppViewModel.routerPortForwardGuideRuntimeContext(for:) / routerPortForwardGuideRuntimeContextForSelectedServer / resolvedRouterPortForwardGuide / resolvedBestMatchRouterPortForwardGuide,none,client,n/a,234,"Assembles a RouterPortForwardGuideRuntimeContext purely by calling already agent-owned accessors (AppUtilities.localIPAddress/defaultGatewayIPAddress, loadServerPropertiesModel, effectiveBedrockPort) and handing the result to the resolver above -- context-gluing for UI presentation with no logic of its own, not separately ledgered."
AppViewModel+WorldConversion.swift,mixed,WorldConversionContext / ConversionSlotPlacement,none,client,n/a,18,"WorldConversionContext is a plain Identifiable DTO carrying (slot, server) into the wizard sheet for SwiftUI presentation; ConversionSlotPlacement is a plain enum parameter describing 'new slot' vs 'replace existing' with no logic of its own -- both are just typed inputs to performWorldConversion below, not behavior."
AppViewModel+WorldConversion.swift,mixed,selectServer,none,client,n/a,40,"Sets selectedServer to switch the sidebar/detail pane -- pure navigation state, matches the deletion test's 'window and navigation state -> Client' row."
AppViewModel+WorldConversion.swift,mixed,isRunning(_:),policy,agent,world-conversion,49,"Predicate checking whether a given ConfigServer is the currently active *and* running server -- small, but it's the real guard UI uses to prevent destructive conversion actions on a live server (mirrors the same running-server guard duplicated inline in replaceWorld/renameWorld in the WorldManagement file)."
AppViewModel+WorldConversion.swift,mixed,performWorldConversion / unzipSlot / createConvertedSlot / replaceSlotWithConvertedZip,workflow,agent,world-conversion,68,"The full Bedrock<->Java conversion pipeline: resolves the Java path and confirms Chunker is installed (ChunkerManager, not in this file), validates the target slot name, unzips the source slot to a unique temp dir (via /usr/bin/unzip, deliberately using FileHandle.nullDevice instead of Pipe() to avoid a deadlock on large worlds -- a subtle, must-preserve detail), locates the actual world folder inside the extracted content, runs the Chunker CLI conversion, packages the output into a slot-compatible zip, places it into either a brand-new WorldSlot or an existing one being overwritten (writing slot metadata + zip size via WorldSlotManager), takes a pre-conversion backup of the target server's current world, activates the new slot, and finally navigates the UI to the target server -- with guaranteed temp-dir cleanup on every exit path (do/catch wrapping steps 1-8). This is the single largest, most I/O-driving workflow across all 8 files -- unambiguously agent."
AppViewModel+ServerTransfer.swift,mixed,exportServerTransfer,workflow,agent,transfer,122,"Orchestrates building a .msctransfer package for every configured server: stages a temp dir, bundles paper.jar (Java), world_slots/backups/plugins/mods/resource-packs wholesale, libraries/ for NeoForge/Forge, live world folders (may be newer than the last slot zip), top-level config files filtered by extension, reads the Java port and Paper version sidecar for later conflict detection, sanitizes machine-specific paths (serverDir, paperJarPath, Xbox alt-account fields) out of the persisted server model, writes manifest.json, then zips via /usr/bin/zip. Definitionally an agent workflow -- multi-step file staging + process launch that must produce byte-identical package layout for any future importer to consume."
AppViewModel+ServerTransfer.swift,mixed,inspectTransferPackage,workflow,agent,transfer,296,"Unzips a package, decodes manifest.json, rejects manifests from a newer formatVersion than this build supports, then for every entry compares its recorded Java/Bedrock port against the ports already in use by locally-configured servers and flags conflicts with a human-readable detail string. The port-conflict detection is a real policy decision (not just I/O) that the agent must replicate so any client driving an import gets the same conflict warnings before committing."
AppViewModel+ServerTransfer.swift,mixed,applyTransferImport,workflow,agent,transfer,361,"Applies a previously-inspected import plan: for each manifest entry, picks a non-colliding destination folder, restores configs/world_slots/backups/plugins/mods/resource-packs/libraries from the staged package, restores paper.jar only if it was bundled, rewrites server.properties' server-port when the caller supplied a port override, builds a fresh ConfigServer (new id, re-rooted paths), restores live world folders when present or falls back to activating the recorded active world slot, and on replaceAll mode wipes existing servers' Keychain secrets before replacing the server list. Genuine multi-step orchestration with real precedence rules (live world > slot restore) -- agent."
AppViewModel+ServerTransfer.swift,mixed,uniqueTransferFolderName / updateServerPropertiesPort / zipDirectoryContents / unzip,workflow,agent,transfer,557,"Shared low-level helpers deliberately kept non-isolated so background Task.detached closures can call them: folder-name sanitization + de-duplication for package layout, a line-oriented rewrite of server.properties' server-port= line, and thin wrappers around /usr/bin/zip and /usr/bin/unzip. All four are process-launch/file-mutation primitives the export/import workflows depend on -- agent, not client presentation."
AppViewModel+ServerTransfer.swift,mixed,ServerTransfer.excludedTopLevelDirs / configFileExtensions / formatVersion,policy,agent,transfer,41,"Static rule set that decides what does and doesn't get bundled into a transfer package (which top-level dirs are always excluded -- logs/cache/versions/live world dirs superseded by world_slots -- and which file extensions count as a 'config file' to copy into configs/), plus the format-version gate inspectTransferPackage enforces. This is the actual definition of what a transfer package contains, not incidental constant declarations -- agent must encode the same rules to stay interoperable."
PrerequisitesView.swift,mixed,detectJava / runJavaVersionCheck / extractJavaMajorVersion,workflow,agent,java-runtime,349,"Resolves a candidate java binary (configured path first, falling back to PATH via `which`), launches `java -version` (which writes to stderr), extracts the major version with a regex handling both modern (""21.0.3"") and legacy 1.x (""1.8.0_281"" -> 8) formats, and classifies the result into ready/attention(<21)/attention(<17 -- unsupported)/missing. This is exactly the 'Server installation detection' example the deletion test calls out as Agent -- any client needs the host machine's actual Java state, which only the agent process running on that machine can determine."
PrerequisitesView.swift,mixed,detectTailscale / activeTailscaleIP,workflow,agent,prerequisites,492,"DECIDED (agent) -- checks for the Tailscale.app bundle/CLI at known paths, then scans network interfaces via getifaddrs/getnameinfo for a 100.x.x.x (Tailscale CGNAT range) address. The two framings aren't actually symmetric: a client checking its own Tailscale status answers 'is this device on the tailnet,' but what matters for reachability is 'is the *agent's* host on the tailnet' -- a question only the agent can answer about itself. Decided agent."
PrerequisitesView.swift,mixed,hasCriticalMissingDependency / isJavaInstalled,policy,agent,prerequisites,556,"Static launch-time gate: given the set of configured server types, decides whether any critical dependency (currently just Java, when a Java server is configured) is missing, via a `which java` check. Used by the macOS app to decide whether to auto-show this screen at launch -- the auto-show decision itself is client UI flow, but the underlying is-java-installed check is the same agent-owned detection as detectJava/isJavaInstalled above and must exist as an agent capability regardless of which client asks."
AppViewModel+PlayerProfiles.swift,mixed,loadPlayerProfiles,workflow,agent,player-profiles,77,"Java player-profile load pipeline: scans playerdata/*.dat off-main via PlayerDataManager, applies usercache.json and ops.json to fill in usernames/op status, marks online state from the live player list, loads the hidden-UUID sets so isProfileHidden() works immediately, then kicks off async Mojang UUID resolution for anything still unresolved. Multi-step orchestration over on-disk state -- agent."
AppViewModel+PlayerProfiles.swift,mixed,loadBedrockPlayerProfiles,workflow,agent,player-profiles,135,"Bedrock equivalent: scans the LevelDB off-main via BedrockPlayerDataManager (NBT parsed during scan), loads hidden Bedrock/Java lists, applies the persisted BedrockNameCache (overwriting even 'Unknown Player' placeholders so manual/auto-resolved names stick), marks online state by XUID or by matched live gamertag, then queues batched XUID->gamertag and Floodgate-UUID resolution. Agent -- this is the authoritative player-identity pipeline for Bedrock servers."
AppViewModel+PlayerProfiles.swift,mixed,console-first auto-naming (inline in loadBedrockPlayerProfiles),policy,agent,player-profiles,195,"A distinct classification rule embedded inline (lines ~186-209, not its own function): broadcast/transfer joins land on disk as anonymous `server_<uuid>` records sharing no identifier with the live console identity. The rule correlates by liveness instead -- if exactly one unresolved `server_` profile exists and exactly one live gamertag has no matching profile yet, they must be the same player, so the name is bound and cached against the stable `server_<uuid>` key; ambiguous cases (multiple unknowns at once) are deliberately left unresolved for manual identification. Called out separately because it's easy to lose during porting -- it's inline logic, not a named symbol, and its correctness (exactly-one-to-exactly-one matching) is load-bearing for correct Realm/Floodgate player identification."
AppViewModel+PlayerProfiles.swift,mixed,resolveServerProfileFloodgateUUIDs / resolveBedrockXUIDs,workflow,agent,player-profiles,253,"Batched (5 at a time, 250ms between batches to respect rate limits), concurrent (withTaskGroup) resolution of Bedrock XUID -> gamertag and gamertag -> Floodgate UUID via BedrockPlayerDataManager, writing resolved names back into the persisted BedrockNameCache so they survive log rollovers and future sessions. Network + cache-write workflow -- agent."
AppViewModel+PlayerProfiles.swift,mixed,identifyBedrockPlayer,workflow,agent,player-profiles,370,"Manual-identification action: trims and validates a user-supplied gamertag, persists it to bedrock_names.json via BedrockNameCache.record (so the assignment survives restarts and self-heals if the console log later confirms it), updates in-memory state, and kicks off async Floodgate UUID resolution for the newly-named profile. Real validation + persistence, not pure forwarding -- agent."
AppViewModel+PlayerProfiles.swift,mixed,resolveUUIDs / mojangName,workflow,agent,player-profiles,413,"Batched (5 at a time, 250ms apart) Mojang session-server lookups (sessionserver.mojang.com/session/minecraft/profile/<uuid>) with a custom User-Agent and 10s timeout, decoding the JSON {name} response. This is the Java-edition analog of the Bedrock XUID resolution above -- an external API integration + small JSON parser, agent-owned."
AppViewModel+PlayerProfiles.swift,mixed,migratePlayerToOfflineUUID / migratePlayerToUUID / copyPlayerData / deletePlayerData / duplicatePlayerData,workflow,agent,player-profiles,475,"The player-data mutation surface: computes a name's offline-mode UUID and copies .dat -> that target (the documented 'key action when switching online mode -> offline mode'), copies onto an arbitrary target UUID, copies one player's data onto another's UUID (overwrite), deletes a .dat permanently, and duplicates a .dat under a fresh random UUID. Each is a thin sequence over PlayerDataManager plus a log line and a profile-list refresh, but together they constitute the actual player-data mutation API the agent must expose -- not a client rendering concern, and each encodes a specific real rule (e.g. which UUID a migration targets) rather than being pure glue."
AppViewModel+PlayerProfiles.swift,mixed,playerAppearance / setPlayerLookupOverride / uploadPlayerSkin / clearPlayerSkinOverride,workflow,agent,player-profiles,520,"DECIDED (agent) -- skin-override management: resolves display appearance via PlayerSkinStore, lets a user override the lookup identifier for a profile, saves an uploaded skin to server-side storage, clears an override. Persistence (override JSON + skin file under the server directory) is agent-owned, full stop -- it's part of the player-profile record the agent serves to every client. The NSImage parameter is an implementation-boundary detail, not a disposition question: the port replaces it with a raw-bytes upload boundary (client picks/crops if it wants, sends bytes; agent validates and stores)."
MinecraftCommandRegistry.swift,mixed,MinecraftCommandRegistry.all / commands(for:) / MinecraftCommandDef / CommandArgSlot,policy,agent,commands,109,"DECIDED (agent) -- the full catalog of Minecraft server commands: name, description, category, positional argument shape, and which of Java/Bedrock each command supports. `commands(for:)` filters by server type. Duplicating this catalog per-client is exactly the drift MSC 2 exists to eliminate (D-005) -- a Java-only command list that goes stale in one client but not another is a real support-burden bug waiting to happen, and 'which commands does this server accept' is genuinely per-server-type domain knowledge, the same class as the settings schema (agent/schema, client-rendered). CommandCategory.icon/color (SwiftUI Color/SF Symbol) stay excluded as pure client rendering. Decided agent, not duplicated static data."
MinecraftCommandRegistry.swift,mixed,suggestions(for:serverType:onlinePlayers:),parser,agent,commands,473,"DECIDED (agent) -- the autocomplete engine: tokenizes input, decides whether the cursor is completing a command name or filling an argument slot, filters online players by prefix for playerName slots and the fixed option list by prefix for keyword slots, returns up to 6 completions. Same reasoning as the catalog itself (row above) plus one more reason unique to this function: it needs the live online-player list, which is inherently fresher and cheaper to filter where it already lives (the agent) than to ship the full roster to every client for local filtering. Decided agent."
AppViewModel+ServerImport.swift,mixed,importExistingServer,workflow,agent,server-import,72,"Imports an existing server folder or .zip into MSC: sanitizes the display name into a safe folder name, copies or extracts (via /usr/bin/ditto, chosen specifically to avoid /usr/bin/unzip's mode-000 quirk on user-supplied archives) into the servers root, unwraps a single top-level folder if the zip had one, detects Java flavor, reads/overrides server.properties or bedrock properties (port/max-players/level-name), writes eula.txt if the user accepted it in the wizard, builds the ConfigServer, creates an initial world slot from whatever world data was found, and registers + activates the server. Canonical agent workflow -- process launch, file staging, config mutation, and multi-step orchestration."
AppViewModel+ServerImport.swift,mixed,scanServerDirectory,workflow,agent,server-import,235,"Pre-import inspection so the wizard can show the user what will be imported before anything is copied: detects server type from file signatures (a .jar means Java, bedrock_server/.exe means Bedrock), reads port/max-players/EULA status, and scans for world folders under both a worlds/ subdirectory and the server root (any dir containing level.dat, skipping known non-world dirs). Groups vanilla dimension companions (_nether/_the_end) into their root world by name pattern, detects inline Nether/End via DIM-1/DIM1 folders, and sums size across root + companions. This is 'Server installation detection' verbatim from the deletion test's Agent column."
AppViewModel+ServerImport.swift,mixed,"detectJavaFlavor (+ parseFabricMCVersion, detectFabricLoaderVersion, parseJarMCVersion)",parser,agent,server-import,370,"Signature-based Java server flavor detector, checked in priority order: NeoForge (via libraries/net/neoforged/neoforge/<ver>/unix_args.txt, delegating MC-version lookup to NeoForgeInstaller), Forge (libraries/net/minecraftforge/forge/<mc>-<ver>/unix_args.txt, MC version split from the dir name), Fabric (fabric-server-launch*.jar + loader version from .fabric/.../fabric-loader/), then jar-prefix matching for Purpur/vanilla/Paper (default fallback) with MC-version extraction from filename stems (strips a trailing numeric -build suffix). Shared by both importExistingServer and scanServerDirectory -- a real detection policy the agent must own to install/manage any given server correctly."
AppViewModel+Broadcasting.swift,mixed,previewBroadcastHost / broadcastPortForConfig,policy,agent,broadcast,21,"Decides the host and port Xbox Broadcast advertises to joining clients: a per-server manual override wins outright; otherwise when playit.gg is enabled and a Bedrock tunnel address is stored, that tunnel's host/port is used (stripped/parsed from 'host:port'); otherwise falls back through DuckDNS hostname -> cached public IP -> local IP depending on the server's XboxBroadcastIPMode (auto/publicIP/privateIP). Getting this wrong sends players to a dead endpoint (the file's own comments flag this exact failure mode for the port half) -- a real precedence policy, agent-owned."
AppViewModel+Broadcasting.swift,mixed,resetXboxBroadcastAuth,workflow,agent,broadcast,104,"Signs out of the current Xbox broadcast account: stops any running Java/Bedrock broadcaster so the auth cache isn't held open, then deletes the cache/ directory holding the OAuth device-code token so the next start forces a fresh sign-in. Token-lifecycle management -- the same category the deletion test names for pairing tokens -- agent."
AppViewModel+Broadcasting.swift,mixed,updateBroadcastProfile / saveBroadcastGamertagFromPrompt,workflow,agent,broadcast,132,"Persists a server's broadcast profile: trims and nil-normalizes email/gamertag/avatar-path fields, writes the alt-account password to Keychain (never to the plain config), and re-syncs the on-disk broadcaster config afterward. saveBroadcastGamertagFromPrompt is the write-back half of the save-gamertag flow below. Credential handling + config-file resync -- agent."
AppViewModel+Broadcasting.swift,mixed,startXboxBroadcast / stopXboxBroadcast / stopBroadcastIfRunning / startBedrockBroadcast / stopBedrockBroadcast / stopBedrockBroadcastIfRunning / downloadBedrockBroadcastJar,workflow,agent,broadcast,190,"Manual process-lifecycle controls for both broadcaster variants (MCXboxBroadcast for Java, the same JAR reused for Bedrock): validates JAR/config prerequisites, launches or terminates the helper process, and surfaces structured errors (already-running vs. failed-to-start). Process launch/lifecycle -- agent, not view code, even though today it's triggered from sidebar buttons."
AppViewModel+Broadcasting.swift,mixed,startBedrockBroadcastIfNeeded / startBroadcastIfNeeded / startBroadcastNow,workflow,agent,broadcast,304,"Delayed auto-start orchestration (15s for Bedrock, 30s for Java) gated by a stack of guard conditions re-checked after the delay: auto-start preference enabled, per-server broadcast enabled, not already running, server still the active running server, stop not requested, and not mid first-run Initiate (which has its own completion flow that would race a broadcaster popping up). This guard stack is exactly the kind of orchestration logic that has to survive the port correctly or broadcasters will start at the wrong time -- agent."
AppViewModel+Broadcasting.swift,mixed,openBroadcastConfigFolder,workflow,client,n/a,239,"Opens the broadcast config directory in Finder (NSWorkspace-style openInFinder). This is the deletion test's own 'Finder / file-picker presentation -> Client' example, verbatim."
AppViewModel+Broadcasting.swift,mixed,maybeOfferSaveBroadcastGamertag,policy,client,n/a,441,"DECIDED (client, confirmed) -- decides whether to pop a 'save this gamertag?' prompt after the broadcaster authenticates, gated on session-only dedup state (already-asked-this-session, first-run-initiation-in-progress). That dedup state has no meaning persisted server-side or shared across clients -- it's definitionally per-UI-session. Confirmed client, not reopened."
ConsoleManager.swift,mixed,ConsoleLineParser (parse / inferLevel / inferTag / sanitizeTag / isDisplayableTag / looksLikePackageIdentifier / humanizeTagComponent / extractBracketTokens / looksLikeTimestampToken / isLikelyAutoResponseLine),parser,agent,console,289,"Pure, stateless line parser (deliberately non-isolated so a whole batch can be parsed off-main): classifies a raw console line's level (ERROR/SEVERE/WARN/INFO/exception-detected -> error) and tag (extracts bracketed tokens, skips timestamp-shaped and level-name tokens, collapses dotted package identifiers like 'com.papermc.paper.Foo' down to the first non-generic component and humanizes it, caps tag length at 28), and decides isAuto status either from an explicit '[Auto ->' marker or by matching known TPS/tick-query/player-count reply shapes within a time window of the last auto-issued command. This is verbatim the deletion test's 'Console log parsing -> Agent' example."
ConsoleManager.swift,mixed,"ConsoleManager buffer & auto-attribution state (entries, appendRaw, appendParsedBatch, appendChatMessages, clearEntries, markAutoCommand, trimIfNeeded, parseContext, maxEntries/trimSlack)",workflow,agent,console,137,"Owns the canonical console log buffer: appends single lines or off-main-parsed batches, maintains a capped chat-feed derived stream, and amortizes buffer trimming (only shifts once the buffer exceeds maxEntries+trimSlack, not on every line) so an O(n) front-shift doesn't run per-line during a mod-loading burst. Also owns lastAutoCommandAt, the state ConsoleLineParser needs for auto-attribution, exposed as a Sendable snapshot (parseContext) for background parsing. This buffer is the single source of truth any client would read from -- agent, not per-view state."
ConsoleManager.swift,mixed,passesFilter / matchesTabPreset / isCoreServerTag,policy,agent,console,227,"Defines what qualifies for each console tab: Controller (source==.controller), Commands (tag=='command'), Warnings (level warn/error, or raw text containing ' exception'/'java.lang.'/'at ' -- catches stack traces that aren't tagged WARN), Server (source==.server and tag is one of a fixed core-tag set: bootstrap/minecraftserver/paper/server/main), Plugins (source==.server and tag is anything NOT in that core set). This classification scheme is reusable business logic any client's console view would want consistently, distinct from the raw parsing above -- agent."
ConsoleManager.swift,mixed,tab / searchText / selectedSources / selectedLevels / selectedTags / hideAuto / resetFilters / setSource / setLevel / setTag / autoSelectTab / recomputeFilteredEntries / appendMatchingToFiltered / knownTags / isAnyAdvancedFilterActive,policy,client,n/a,35,"DECIDED (client, confirmed) -- the live filter/tab UI state (selected tab, search text, checked sources/levels/tags) plus the auto-switch-to-matching-preset policy. Every other MSC 2 client (CLI, web, iOS) can filter an already-delivered console buffer locally just as well as the agent could pre-filter it; agent-side filtering as a bandwidth optimization for thin clients is a real *future option*, not a reason to move ownership today -- it would be additive, not a disposition change. Confirmed client."
AppViewModel+AddonUpdates.swift,mixed,resolveAddonUpdates / mergeDiscoveredLinks,workflow,agent,addon-updates,23,"Resolve-once-with-cache wrapper around the pure AddonUpdateResolver: no-ops when the cached plan is already current for this server and force==false (so calling it on every Components-tab appear is cheap), otherwise resolves and merges resolver-discovered links into the persisted config. The merge itself is a real policy: never overwrite a user's manually-linked title/provenance, but always refresh the installed-file bookkeeping (version/filename/hash) and refill clientSide/serverSide from Modrinth if the user's link didn't have them. Agent."
AppViewModel+AddonUpdates.swift,mixed,updateAddon / updateAddons / applyAddonUpdate,workflow,agent,addon-updates,81,"The core install/update pipeline: downloads the target Modrinth version's primary file, preserves the add-on's enabled/disabled state by mirroring the '.disabled' filename suffix onto the new file, removes the old jar when the filename changed, computes and persists the new SHA-512, and pulls newly-required dependencies. updateAddons sequences this dependency-aware batch over multiple selected items with one refresh at the end. Real download+install+state-preservation workflow -- agent."
AppViewModel+AddonUpdates.swift,mixed,manuallyLinkAddon,workflow,agent,addon-updates,118,"Associates a user-picked Modrinth project with an unlinked installed file (provenance .userLinked, so mergeDiscoveredLinks above won't overwrite it), persists, and re-resolves so update status appears. Agent."
AppViewModel+AddonUpdates.swift,mixed,repairIncompatibleAddon,workflow,agent,addon-updates,221,"Repairs an 'incompatible version' startup problem: identifies the Modrinth project via the persisted AddonLink first, falling back to hashing the installed file and looking it up by SHA-512; finds the best version compatible with the server's loader + Minecraft version; downloads it preserving the disabled-suffix convention from applyAddonUpdate; removes the old jar; and pulls newly-required dependencies. Agent."
AppViewModel+AddonUpdates.swift,mixed,installMissingDependency,workflow,agent,addon-updates,293,"Repairs a 'missing dependency' startup problem: since the dependency isn't installed, its identity can only come from the known-alias table + a Modrinth search (the hash/persisted-link rungs don't apply -- there's no file yet), with a fallback chain (canonical-slug match -> normalized-slug match -> title match -> first hit) before installing via the shared install path. Agent."
AppViewModel+AddonUpdates.swift,mixed,startupProblemModrinthHit,policy,agent,addon-updates,337,"FLAG -- a documented four-tier identity-resolution ladder for 'View on Modrinth': (a) installed file's SHA-512 -> Modrinth version -> project (most authoritative), (b) a persisted AddonLink matched by filename, (c) the known-alias table trusted as a real slug, (d) a Modrinth search on the canonical query, with a bare-canonical-slug floor so the UI always has something to open. repairIncompatibleAddon and installMissingDependency each reimplement a similar-but-not-identical ladder rather than calling this one -- likely organic drift worth consolidating into one shared resolver during the Rust port."
AddServerWizardView.swift,mixed,performScan,workflow,agent,server-import,2132,"Extracts a dropped/browsed .zip via a /usr/bin/ditto subprocess into a temp dir (avoids /usr/bin/unzip's mode-000 quirk on user files), unwraps a single-root-folder zip layout, then hands the resolved directory to scanServerDirectory for detection. The zip-staging + unwrap logic is real import workflow the agent must reproduce even though the actual directory scan is implemented elsewhere."
AddServerWizardView.swift,mixed,handleImportDrop,policy,agent,server-import,2230,"Classifies a dropped/browsed file as a modpack (.mrpack, or .zip sniffed via AppViewModel.readCurseForgeMetadata) vs an existing-server import, then dispatches to processModpackURL or performScan accordingly. This classification decision belongs to server-installation detection, not UI."
AddServerWizardView.swift,mixed,processModpackURL,workflow,agent,modpack-import,2350,"Given a staged .mrpack/CurseForge .zip/folder/plain-zip, pins the wizard's flavor+category+version from parsed pack metadata (readMrpackMetadata / readCurseForgeMetadata, defined elsewhere), stages the item(s) in stagedAddOns for install-after-creation, and derives status text. The staging decision workflow -- what to do with parsed metadata -- lives here even though the parsers themselves are elsewhere."
AddServerWizardView.swift,mixed,crossPlayJarsPresent / downloadCrossPlayIfNeeded,workflow,agent,components,2269,"Idempotency-checked component provisioning: scans the plugin template dir for geyser+floodgate jar name patterns, and if enabling cross-play with jars missing, downloads both (via viewModel.downloadLatestGeyserTemplate/FloodgateTemplate) then re-verifies presence to report success/failure. Component-installation-detection domain."
AddServerWizardView.swift,mixed,downloadXboxBroadcastIfNeeded,workflow,agent,xbox-broadcast,1070,"Guards on viewModel.isXboxBroadcastHelperInstalled before triggering downloadOrUpdateXboxBroadcastJar -- an idempotency check on top of an agent-owned download, same pattern as the cross-play row above."
AddServerWizardView.swift,mixed,canAdvance / advanceStep / beginCreate (UI orchestration),none,client,n/a,1826,"DECIDED (client, confirmed) -- canAdvance/advanceStep are wizard step-navigation gating and tour sync (client, per the window/navigation-state table row). beginCreate marshals UI @State into calls on AppViewModel.createNewServer/importExistingServer/createNewBedrockServer (defined outside this file, already agent-owned via the existing POST /servers/create etc. routes) -- choosing .template vs .downloadLatest jarSource from a UI toggle is a straightforward selection among calls those routes already validate server-side, not new domain logic requiring its own agent-side 'resolve creation parameters' step. Confirmed client."
AppViewModel.swift,mixed,init() tokenProvider closure,policy,agent,remote-api-auth,516,"Builds the Remote API's valid-token map: owner token from Keychain plus remoteAPISharedAccess entries filtered by isExpired, mapped to admin/guest/named permission roles. This is the pairing/token-lifecycle security policy the table calls out as Agent-owned explicitly."
AppViewModel.swift,mixed,init() status/performance/players/allowlist/sessionLog/serverConnectionInfo/configServers providers,workflow,agent,remote-api,543,"The closures wired into RemoteAPIServer that shape the actual GET-endpoint response DTOs: Bedrock-vs-Java branching for PID/dockerContainerRunning, players-list sourcing note for Bedrock (console-log-derived), allowlist entry mapping, connection-info host/port resolution via previewBroadcastHost. This *is* the agent's local HTTP API contract the Rust port must replicate route-for-route."
AppViewModel.swift,mixed,init() componentsProvider closure,workflow,agent,components,707,Component-version-detection workflow: resolves installed Paper version via sidecar -> filename parse -> jar presence; scans plugins/ for Geyser/Floodgate jar names + parses trailing build numbers; fetches latest metadata concurrently; computes per-component up-to-date status; branches on installStep flavors (Forge/NeoForge args-file check) vs single-jar flavors.
AppViewModel.swift,mixed,init() updateComponentProvider closure / renamedJar,workflow,agent,components,876,"Download-and-apply component-update workflow for paper/geyser/floodgate: downloads latest, writes the Paper version sidecar, and renames the jar file to reflect the new build number via renamedJar (line 1584) -- a small filename parser that swaps the trailing numeric build suffix."
AppViewModel.swift,mixed,javaBackend.onDidTerminate / bedrockBackend.onDidTerminate,workflow,agent,server-lifecycle,1142,"Process-termination orchestration run on every server exit: captures initiation context before it's wiped, resets running-state/metrics, stops broadcast/auto-backup, fires stop notifications, calls diagnoseUnexpectedStop + crash-loop-guarded auto-restart scheduling (skipped during initiation passes), writes last_startup_result.json on an unclean stop, creates the initial world slot if needed, and routes initiation completion. Bedrock and VM-Bedrock share the same handler."
AppViewModel.swift,mixed,drainConsoleBatch / commitConsoleBatch / LineAccumulator,parser,agent,console,1317,"The console ingestion pipeline: a thread-safe line buffer fed from the backend's readabilityHandler thread, drained on a burst-adaptive cadence (100ms normal / 250ms during floods of >=100 pending lines), parsed off-main via ConsoleLineParser + ANSI stripping + ChatFeedParser, then committed on the main actor running the per-line side-effect scan (handleServerOutputLine) before appending to the console."
AppViewModel.swift,mixed,checkSVCTunnelMismatch / clearSVCPromptPrefs,policy,agent,voice-chat,1488,"Detects a genuine misconfiguration -- playit tunnel enabled, Simple Voice Chat plugin installed, but its voice tunnel not enabled, and the prompt not yet dismissed -- to gate a one-time alert. Config-correctness policy, not just UI state."
AppViewModel.swift,mixed,logAppMessage / noteCreation / replayCreationConsole / clearConsole,workflow,agent,console,1511,"Routes app-generated log lines into the console + Remote API SSE feed. noteCreation additionally buffers creation-time output so it survives the console-clear that happens on server selection, replaying it into the newly created server's console afterward -- real log-continuity behavior, not pure forwarding."
AppViewModel.swift,mixed,selectedServer didSet,workflow,agent,server-selection,104,"DECIDED (agent) -- the ordered sequence of state reloads on active-server switch: persists the new activeServerId, resets live metrics, reloads backups/world slots/resource packs/session log/player profiles/EULA/Geyser config/server settings/components snapshot/health cards, clears console, checks SVC mismatch. Most called methods forward to logic covered elsewhere, but the ordering itself -- e.g. console cleared before the SVC-mismatch check runs against it, avoiding a stale-console read -- is real sequencing behavior a headless agent's own 'switch active server' operation must reproduce for internal consistency, regardless of which client triggered the switch. Decided agent."
WorldSlotManager.swift,mixed,loadExplicitActiveSlotID / setActiveSlotID / resolvedActiveSlotID / activeSlot,policy,agent,worlds,105,"Resolves which world slot is ""active"" via a fallback chain: explicit active_slot_id.txt marker -> most-recently-played slot -> newest-created slot. Real resolution policy, not just a getter."
WorldSlotManager.swift,mixed,currentLevelName / sanitizedWorldLevelName / inferJavaLevelName / inferredWorldLevelName / worldFolderNames,parser,agent,worlds,154,"Derives and sanitizes the world level-name across Java/Bedrock. sanitizedWorldLevelName strips characters BDS itself strips when turning level-name into a folder name (notably '='), preventing a properties-vs-disk mismatch for base64-ish Realm-export names. inferJavaLevelName shells out to /usr/bin/unzip -Z -1 to list a slot zip and infer the root world folder, filtering _nether/_the_end suffixes and __MACOSX."
WorldSlotManager.swift,mixed,loadSlots / saveMetadata / WorldSlot model / slot path helpers,workflow,agent,worlds,276,"Reads every slot.json under world_slots/ (ISO8601 dates, tolerant of a corrupt individual slot), stat's zip size cheaply, sorts newest-first. saveMetadata encodes+writes atomically. Defines the on-disk layout (world_slots/{slotId}/{world.zip,slot.json,thumbnail.*}) the Rust port must replicate."
WorldSlotManager.swift,mixed,saveThumbnail,workflow,agent,worlds,346,"DECIDED (agent) -- resizes an NSImage to <=800x450 preserving aspect, JPEG-encodes at 0.82 quality, writes thumbnail.jpg, updates+saves slot metadata. The deletion-test table's 'avatar cropping -> client' example is about interactive, user-driven cropping; this is a fixed, deterministic resize+encode step over an image that's persisted as part of the WorldSlot record the agent already owns and serves via the API. A deterministic transform with no interactive UI belongs next to the data it's stored with, not duplicated in every client. Decided agent -- not a client concern."
WorldSlotManager.swift,mixed,createSlot / updateSlotFromCurrentWorld,workflow,agent,worlds,391,"Zips the current world folder(s) via /usr/bin/zip -r into a new or existing slot's world.zip (update path zips to a temp file then atomically replaces, so a failed zip never corrupts the existing archive), then writes/refreshes slot metadata."
WorldSlotManager.swift,mixed,createFreshWorldSlot / applyWorldIdentity,policy,agent,worlds,549,"Creates a slot record with no backing archive (a placeholder that generates on first activation), sanitizing the requested name into a safe level-name. applyWorldIdentity writes level-name (and optionally seed) into server.properties (Java) or raw Bedrock properties, branching per server type."
WorldSlotManager.swift,mixed,activateSlot,workflow,agent,worlds,652,"The core world-switch operation: optional pre-activation safety backup (aborts on failure so the live world is never touched), removes current world folder(s), extracts the slot's zip via /usr/bin/unzip -o, relocates world files if they landed at worlds/ root instead of worlds/<levelName>/ (a legacy-zip-layout compatibility fix), or for a fresh (archive-less) slot applies world identity/seed instead; finally persists lastPlayedAt and the active-slot marker. Must-preserve step ordering."
WorldSlotManager.swift,mixed,renameSlot / deleteSlot / duplicateSlot / copySlotIntoExisting / exportSlotZIP / createSlotFromZIP,workflow,agent,worlds,786,"CRUD + copy/export/import operations on slots: duplicate assigns a fresh UUID and copies world.zip; copySlotIntoExisting overwrites a destination's world data via a temp-file-then-atomic-move pattern while preserving the destination's id/name; createSlotFromZIP imports an external zip verbatim, inferring level-name (Java: NBT-based zip inspection; Bedrock: current live level-name) and seed via importedWorldMetadata."
WorldSlotManager.swift,mixed,"NBT parsing engine + level.dat metadata extraction (NBTReader, parseNBTRoot, extractSeedString/Difficulty/Gamemode/DayTime, importedWorldMetadata*, readAdjacentBackupMetadata, firstLevelDatPath, unzipMemberData, gunzipData, runProcess)",parser,agent,worlds,1129,"A from-scratch minimal NBT binary-format parser (big-endian for Java's gzip'd level.dat, little-endian with an 8-byte header for Bedrock's raw level.dat) supporting all NBT tag types, used to extract world seed/difficulty/gamemode/day-time by walking several known key paths with fallbacks. Reads level.dat either from a live folder or by extracting a single member from a zip via /usr/bin/unzip -p + /usr/bin/gunzip subprocess calls (with a documented pipe-drain-before-wait ordering to avoid a deadlock on large level.dat files). Also reads an adjacent .meta.json sidecar for a backup-sourced seed. This is a genuinely substantial parser that must be ported faithfully."
SetupWizardView.swift,mixed,checkJavaOnPath,workflow,agent,java-runtime,1329,"Runs /usr/bin/which java as a subprocess and parses its stdout to detect an installed Java on PATH, falling back to notFound. Server-installation/prerequisite detection, not UI."
SetupWizardView.swift,mixed,checkTailscale,policy,agent,tailscale,1388,"Checks a fixed list of candidate paths (Tailscale.app, homebrew/local bin paths) for Tailscale's presence via FileManager.fileExists. Prerequisite-detection policy."
SetupWizardView.swift,mixed,(rest of file),none,client,n/a,95,"Everything else in SetupWizardView is page navigation state, form field bindings, and presentation (accent-color picker, feature bullets, summary rows). prefill()/applyAndDismiss() just read/write config fields and forward to viewModel.applyInitialSetup (defined elsewhere) -- one-line-ish glue, not separately ledgered."
AppViewModel+HealthCards.swift,mixed,refreshHealthCards / refreshHealthCardsForSelectedServer / buildJavaCards / buildBedrockCards / currentPortCheckContext,workflow,agent,health-diagnostics,19,Entry point that fans out to 6 concurrent per-server diagnostic checks (different sets for Java vs Bedrock) and publishes the results array.
AppViewModel+HealthCards.swift,mixed,checkDirectory,policy,agent,health-diagnostics,156,"Server-directory existence + read/write-permission check, classified red/yellow/green."
AppViewModel+HealthCards.swift,mixed,checkJavaRuntime / javaSearchPaths / resolveJavaHomeOutput / extractJavaVersion / parseJavaMajorVersion / runProcess,parser,agent,java-runtime,190,"Searches a priority-ordered candidate list (configured path, JAVA_HOME env, /usr/libexec/java_home output, then ~15 hardcoded JDK install locations), runs `java -version` on the first hit via a generic subprocess-with-timeout runner, regex-parses the version string, and handles the old ""1.x"" major-version format. Classifies red/yellow/green against a Java-21 minimum. Directly matches the deletion-test table's own example domain."
AppViewModel+HealthCards.swift,mixed,checkVMRuntimeForHealthCard,policy,agent,bedrock-vm,259,Checks VZVirtualMachine.isSupported to gate whether the built-in Bedrock VM backend can run on this Mac.
AppViewModel+HealthCards.swift,mixed,checkComponentJars / jarVersionsMatchForHealth / jarBuildNumberForHealth,policy,agent,components,292,For installStep flavors (Forge/NeoForge) checks the generated args file plus mod count; otherwise checks Paper-family jar presence and compares each installed component's local vs online version (build-number-aware comparison) to classify red/yellow/green with per-component detail lines.
AppViewModel+HealthCards.swift,mixed,checkBedrockComponents,policy,agent,components,402,Checks the bedrock_server binary is executable and reads a version marker file (.msc_bds_version) for the installed-version display string.
AppViewModel+HealthCards.swift,mixed,checkRAMAllocation,policy,agent,server-settings,433,"Validates configured max-RAM against physical RAM: red if 0 or exceeding physical, yellow above 80% of physical, else green. Settings-validation policy per the deletion test's own example row."
AppViewModel+HealthCards.swift,mixed,checkBedrockWorldData,policy,agent,worlds,471,"Checks worlds/ directory existence/emptiness, distinguishing ""never started"" (gray, expected) from ""should exist but doesn't"" (red)."
AppViewModel+HealthCards.swift,mixed,checkPortReachability / queryServerStatus / probeLocalPort / portCheckRecord read+write / portResultLocalOnly,workflow,agent,connectivity,537,"Two-stage reachability check: a local TCP/UDP loopback probe via NWConnection (with UDP's inherent statelessness handled via a best-effort ambiguity-accepting timeout), then an external check against the mcsrvstat.us status API to validate router/NAT forwarding from the internet side. Handles a 45s boot-grace window, a UDP connected-player fallback heuristic, and persists a last-known-good result to {serverDir}/last_port_check.json so an idle server doesn't look broken."
AppViewModel+HealthCards.swift,mixed,checkLastStartup / writeLastStartupResult,parser,agent,startup-diagnostics,852,"Reads/writes last_startup_result.json, classifying a clean start with soft-fail add-on problems (yellow) vs a genuine failure with fatal errors (red, offering ""Diagnose"" when add-on problems were attributed) vs warnings-only (yellow)."
AppViewModel+HealthCards.swift,mixed,connectivitySnapshot,workflow,agent,connectivity,1022,"Implements what is effectively a GET /connectivity endpoint: resolves the effective public join address by priority (playit tunnel -> DuckDNS -> public IP), reuses probeLocalPort + queryServerStatus, folds in playit/broadcast state, and returns a rich status/severity/headline/detail DTO (offline/starting/unreachable/reachable/unknown) with a UDP connected-player fallback. The status-code vocabulary and method priority order here is API-contract-defining and must be replicated exactly."
AppViewModel+ServerControls.swift,mixed,isFirstRun / hasGeneratedWorldOnDisk,policy,agent,server-lifecycle,24,"Determines whether the next start should run the ""Initiate"" (first-run) flow, using hasShownFirstStartPopup as authoritative with a fallback heuristic for imported/legacy servers: presence of generated world data (level.dat, or a Bedrock db/ folder) on disk. Deliberately ignores hasEverStarted/logs/libraries since a crashed first run also produces those."
AppViewModel+ServerControls.swift,mixed,startServer,workflow,agent,server-lifecycle,77,"The core start-server workflow: EULA gate, backend selection (Java/Docker-Bedrock/VM-Bedrock), a non-blocking Java-version compatibility preflight warning, backend.start(), health-card refresh, resource-pack host bring-up, an SVC port-forwarding prompt gate, notification firing (suppressed during first-run), full metrics/TPS-history reset, spark-mod detection, the 5s metrics-timer poll loop (resource usage, Bedrock player sampling, then players/TPS/world-time/health once ready), and first-run branching that marks hasEverStarted, begins the Initiate run, and builds a platform/flavor-specific first-start message -- vs. normal-run branching that starts broadcast/playit/auto-backup."
AppViewModel+ServerControls.swift,mixed,stopServer,workflow,agent,server-lifecycle,263,"Stops metrics/auto-backup timers, broadcast, playit, and the resource-pack host; triggers a stop-time auto-backup if enabled; sends the stop command; refreshes health cards."
AppViewModel+ServerControls.swift,mixed,sendCommand / sendQuickCommand / sendBackupCommand,policy,agent,commands,325,"Dispatches a command to the active backend with a Java/Bedrock protocol adaptation: BDS's console rejects a leading '/', so it's stripped automatically for Bedrock targets. Origin-tagged (user/auto/silentAuto) to control console-line visibility and auto-command marking. sendBackupCommand is the same path without a blocking error alert, used by the backup save-pause protocol."
AppViewModel+ServerControls.swift,mixed,refreshPlayersAndTps / serverHasSparkMod,policy,agent,tps-polling,380,Selects the TPS poll command by capability priority: loader-native (Paper/Forge/NeoForge `tps`) -> `/spark tps` if the spark mod is bundled (detected via a mods/ directory scan for spark-*.jar) -> vanilla `/tick query` -> skip entirely rather than spam an unsupported-command error. Arms a silent-consume flag so the auto-poll's spark reply block never reaches the visible console.
AppViewModel+ServerControls.swift,mixed,sampleBedrockPlayerActivity / refreshWorldTime / refreshFeaturedPlayerHealth / clearLiveWorldTime,workflow,agent,live-polling,428,"Bedrock has no auto `list` poll, so a periodic player-count sample keeps the Performance chart from sitting on a placeholder. refreshWorldTime issues two `time query` variants per poll cycle (self-healing against Paper 1.21.4+'s response-format change, handled by parseWorldTime elsewhere) to derive day/time-of-day."
AppViewModel+ServerControls.swift,mixed,applyDifficulty / applyGamemode / setWhitelistEnabled / runSaveAll / runReload / setTimeOfDay / setWeather / kickPlayer / opPlayer / deopPlayer / setGamemode(forPlayer:) / messagePlayer / teleportPlayer / whitelistPlayer,policy,agent,commands,475,"The quick-commands layer translating a UI action into the correct Java-vs-Bedrock console protocol: allowlist vs whitelist command names, save hold/resume vs save-all (BDS has no save-all), reload sent only on Java (no plugin system on Bedrock). op/deop on Bedrock bypass the console entirely and instead edit permissions.json by XUID via BedrockPropertiesManager, since Bedrock consoles don't support op/deop commands."
AppViewModel+ServerControls.swift,mixed,bedrockXUID / isBedrockOperator / loadBedrockAllowlistIfNeeded / addToBedrockAllowlist / removeFromBedrockAllowlist,workflow,agent,bedrock-allowlist,633,"Resolves a Bedrock player's XUID via a fallback chain (online list -> in-memory allowlist -> on-disk allowlist), then manages allowlist.json writes plus a live `allowlist reload` command when the server is running."
AppViewModel+ServerControls.swift,mixed,startAutoBackupTimer / stopAutoBackupTimer / setAutoBackupEnabled / setAutoBackupInterval / setAutoBackupMaxCount,workflow,agent,backups,761,"Schedules a repeating Timer that fires createAutoBackupForServer, but skips the backup entirely when no players are online (real policy, not just plumbing) and can be live-reconfigured (interval/enabled) while the server is running."
AppViewModel+ServerControls.swift,mixed,scheduleAutoRestartIfNeeded,policy,agent,server-lifecycle,835,"Crash-loop-guarded auto-restart: a rolling 10-minute window capped at 3 attempts (posting a red health card and giving up beyond that), a 10s delayed restart with re-validation guards (server selection unchanged, not already running), and a skip when the startup-crash analyzer attributed the failure to add-on problems (restarting into the same mod crash is noise the repair UI should handle instead)."
AppViewModel+ServerControls.swift,mixed,"Initiation two-pass orchestration (InitiationTerminationContext, captureInitiationTerminationContext, routeInitiationAfterTermination, initiationNeedsPass2, beginInitiationProgress, startInitiationPass2, scheduleInitiationPlayitWatchdog, armInitiationBroadcastTechTimeout, scheduleInitiationSafetyCap, markInitiationPlayitReadyIfNeeded, markInitiationBroadcastReadyIfNeeded, skipInitiationPlayit, skipInitiationBroadcast, checkInitiationPass2Completion, presentInitiationCompleteSheet, offerPendingInitiationGamertagSaveIfNeeded)",workflow,agent,first-run-orchestration,899,"An intricate first-run state machine: pass 1 generates config files, then decides (via initiationNeedsPass2) whether transports need bringing up; pass 2 restarts the server with playit/Xbox-broadcast watchdogs each carrying their own hold-the-clock-until-signed-in + technical-timeout logic (playit ~75s, broadcast ~60s once authenticated), plus an absolute ~10min safety cap; completion requires every awaited transport resolved AND the server ready before auto-stopping. This entire sequencing and timeout structure is agent-owned behavior a headless agent's setup flow must reproduce, even though the final sheet-presentation calls are UI signals."
AppViewModel+Playit.swift,mixed,playitSecretKey / savePlayitSecretKey / removePlayitSecretKey,workflow,agent,playit,39,"Reads/writes the playit.gg secret key via Keychain, including a one-time migration from a legacy plain-text file. Matches the deletion test's ""pairing security and token lifecycle"" example almost exactly, for a third-party service credential."
AppViewModel+Playit.swift,mixed,javaPortForPlayit / bedrockPortForPlayit / voicePortForPlayit,policy,agent,playit,73,"Resolves which local ports need tunneling: Java from server.properties with a 25565 fallback, Bedrock from the configured bedrockPort (also covers Java+Geyser cross-play), Voice fixed at 24454 gated on the per-server voice-chat-tunnel toggle."
AppViewModel+Playit.swift,mixed,startPlayitIfNeeded / stopPlayitIfRunning,workflow,agent,playit,99,"Core tunnel lifecycle: ensures the playitd binary is downloaded/cached, writes the secret to a chmod-600 file, launches the daemon subprocess, wires its output/termination handlers, triggers an immediate + 5s-delayed address fetch, and ensures the voice tunnel. Falls back to showing the secret-key setup sheet if no key is configured yet."
AppViewModel+Playit.swift,mixed,handlePlayitContainerOutput / parseAgentId / parsePlayitClaimURL / parsePlayitTunnelAddress,parser,agent,playit,185,"Parses the playitd daemon's log stream: extracts the agent UUID from ""agent_id=..."" (persisting it once learned), flags unexpected claim URLs (shouldn't appear in the secret-key flow), and extracts the tunnel address using a ""tunnel setup"" precursor-line state flag plus known-domain matching (joinmc.link, auto.playit.gg, ply.gg). Direct instance of the deletion test's ""console log parsing"" row, just for a different subprocess's log."
AppViewModel+Playit.swift,mixed,savePlayitTunnelAddresses / fetchAndStorePlayitTunnelAddresses / fetchPlayitTunnelAddresses,parser,agent,playit,274,"Calls playit.gg's /tunnels/list REST API and parses the JSON response into Java/Bedrock/Voice addresses -- Java uses the assigned domain, Bedrock/Voice use the static IP (Xbox Broadcast's RakNet transfer packet needs a real IP, not a domain). On change, resyncs Xbox Broadcast (skipped during initiation pass 2 to avoid discarding an in-progress sign-in) and re-syncs Simple Voice Chat's voice_host."
AppViewModel+Playit.swift,mixed,createTunnelIfMissing,workflow,agent,playit,427,"Idempotent tunnel creation with a retry loop (~16 attempts) absorbing the API's transient AgentVersionTooOld/AgentNotFound responses while the daemon is still connecting, skipping entirely if a same-named tunnel already exists."
AppViewModel+Playit.swift,mixed,checkBedrockTunnelMissing,policy,agent,playit,459,"Detects playit-enabled + Bedrock-port-configured + no Bedrock tunnel address yet, to fire a one-time ""missing tunnel"" alert -- explicitly suppressed during initiation pass 2 since tunnels there briefly report pending before resolving."
AppViewModel+Playit.swift,mixed,applyVoiceChatHost / ensureVoiceTunnelIfNeeded,workflow,agent,voice-chat,478,"Writes the resolved tunnel address into Simple Voice Chat's voice_host (gated on SVC being installed). On start/agent-connect, checks whether the voice tunnel already exists (via the API) to sync, or logs that the user needs to sign in to create it -- creation itself needs a web session, not the read-only agent secret."
AppViewModel+Playit.swift,mixed,resetPlayitSetup,workflow,agent,playit,513,"Full local-state reset for re-testing/switching accounts: stops the tunnel, deletes the Keychain secret and on-disk secret file, clears stored addresses. Explicitly does NOT touch the server-side agent/tunnels."
AppViewModel+Playit.swift,mixed,setPlayitEnabled,workflow,agent,playit,526,"Toggles playit/voice-chat-tunnel flags per server, resets the SVC-mismatch-dismissed flag when voice turns off, and when voice chat is freshly enabled with an agent already online, decides whether to just sync (tunnel exists) or prompt sign-in (tunnel needs creating, which needs a web session)."
AppViewModel+Playit.swift,mixed,setupPlayitViaSignin,workflow,agent,playit,584,"The native account-linking workflow: signs in via the API, reuses an existing agent or claims a new one via a continuous claim-code-polling task racing an accept-with-retry loop (works around the API's WaitingForAgent state-propagation timing), exchanges for the permanent secret key, persists it, then creates Java/Bedrock/Voice tunnels as applicable. This is effectively the pairing/credential-establishment flow for a third-party tunneling service."
AppViewModel+Playit.swift,mixed,"PlayitAPI (signin, claimSetup, postWithSession, claimAccept, claimDetails, createTunnel, tunnelExists, claimExchange, generateClaimCode)",workflow,agent,playit,716,"The low-level REST client for playit.gg. postWithSession brute-forces four Authorization header formats (""session X"", ""agent-key X"", ""Bearer X"", raw) since the session-auth scheme isn't documented -- accepting whichever gets past an auth-type-error response. This probing behavior must be preserved verbatim in any port; getting it wrong silently breaks tunnel creation."
AppViewModel+Playit.swift,mixed,"VoiceChatConfigManager (isInstalled, propertiesURL, applyVoiceHost)",parser,agent,voice-chat,930,"Detects Simple Voice Chat by jar-name sniffing in plugins/ or mods/ (checked over the config folder because MSC itself may create that folder while patching), locates voicechat-server.properties across the Paper vs Fabric/Forge/NeoForge loader-dependent paths, and surgically upserts voice_host/bind_address/port while preserving all other lines -- a targeted properties-file patcher, not a full rewrite."
AppViewModel+Backups.swift,mixed,loadBackupsForSelectedServer / makeDisplayName,parser,agent,backups,24,"Lists the backups directory, filters to .zip, reads each backup's .meta.json sidecar for slot/trigger metadata (falling back to a filename-derived auto/manual guess for legacy files), sorts newest-first, and computes the folder's total size on a background thread. makeDisplayName reconstructs a human timestamp from either the current `<level>_auto_<ts>`/`<level>_manual_<ts>` filename scheme or the legacy `<name>-<ts>` scheme."
AppViewModel+Backups.swift,mixed,"createBackup (+ createBackupForSelectedServer, createAutoBackupForServer, activeWorldSlotMetadata, effectiveBackupAssociation)",workflow,agent,backups,182,"The authoritative backup-creation implementation every other path funnels through: resolves world-slot association (explicit id, else the currently-active slot), reads level-name, prunes old auto-backups first, builds a timestamped filename with the auto/manual token, runs a flush-consistent snapshot (pausing saves only when the target IS the actively running server), zips via /usr/bin/zip, ALWAYS resumes saves afterward even on zip failure, and writes the BackupMeta sidecar on success."
AppViewModel+Backups.swift,mixed,pauseSavesForBackup / resumeSavesAfterBackup / waitForBedrockSaveReady,workflow,agent,backups,329,"Platform-specific flush-consistent snapshot protocol: Java sends `save-all flush` then `save-off`, awaiting a ""Saved the game""/""Saved the world"" console line (10s timeout, non-fatal); Bedrock sends `save hold` then polls `save query` until BDS reports files ""ready to be copied"" (10s timeout, non-fatal). A timeout still proceeds with the zip -- it's a best-effort consistency window, not a hard requirement. Saves are always re-enabled regardless of outcome."
AppViewModel+Backups.swift,mixed,waitForConsoleLine / notifyConsoleLineWaiters / resolveConsoleWaiter / ConsoleLineWaiter,workflow,agent,console,417,"A generic predicate-based, timeout-raced await-a-console-line primitive shared with the single console observation point (handleServerOutputLine, defined elsewhere). Race-safe single-resume via array-membership check since both the match and timeout paths run on the main actor."
AppViewModel+Backups.swift,mixed,readBackupMeta / writeBackupMeta / sidecarURL / deleteBackup,workflow,agent,backups,474,"Reads/writes a per-backup .meta.json sidecar (serverId, displayName, slot association, worldSeed, triggerReason), non-fatal on failure since the zip itself is the important artifact. deleteBackup removes a backup and its paired sidecar together."
AppViewModel+Backups.swift,mixed,pruneAutoBackupsForSelectedServer / pruneAutoBackupsIfNeeded,policy,agent,backups,512,"Retention policy: deletes the oldest app-managed backups (matching ONLY the _auto_/_manual_ filename tokens -- explicitly never touching foreign zips a user placed in the folder) down to maxCount-1, removing orphaned sidecars alongside."
AppViewModel+Backups.swift,mixed,restoreBackup,workflow,agent,backups,585,"A carefully-gated destructive workflow: Java-only, refuses while the target server is running, refuses a cross-slot restore (the backup's slotId must match the currently active slot), verifies the source file exists, creates a MANDATORY safety backup first (aborting the whole restore if that fails), validates the zip is openable before touching anything, removes existing world folders, then extracts via /usr/bin/unzip. The gate ordering is safety-critical and must be preserved exactly."
AppViewModel+Backups.swift,mixed,duplicateBackupToNewServer,workflow,agent,backups,725,"Provisions a brand-new server folder from a backup: copies the template server's jar (or defaults to paper.jar), copies plugins/ and server.properties if present, writes eula=false, extracts the backup zip on top, then registers a new ConfigServer entry and sets it active. Bridges the backups and server-provisioning domains."
AppViewModel+Backups.swift,mixed,backupWorld(for:),workflow,agent,backups,837,"FLAG -- a second, parallel backup-creation entry point used by ""Replace World"": similar zip-the-world-folders logic to createBackup but without the save-pause/flush-consistency step or auto-pruning, and using a filename scheme that deliberately omits the _auto_/_manual_ token so it's exempt from pruning, tagged triggerReason ""pre-replace"". A near-duplicate of createBackup worth reconciling in the port rather than porting twice."
AppViewModel+Backups.swift,mixed,removeWorldFolders,workflow,agent,worlds,914,"Shared helper removing <level>/<level>_nether/<level>_the_end folders, used by both Restore and Replace World."
AppViewModel+Backups.swift,mixed,readProperties(at:),parser,agent,server-settings,974,"FLAG -- a third, file-local minimal key=value .properties parser (skips comments/blank lines) duplicated from the shared ServerPropertiesManager used elsewhere."
AppViewModel+ComponentsVersions.swift,mixed,refreshComponentsSnapshotLocalAndTemplate,workflow,agent,components-versions,16,"Rebuilds the local/template/online version snapshot for the selected server (reads local Paper/Geyser/Floodgate/Broadcast versions, optionally clears online state) and triggers a plugin/mod rescan -- state aggregation the agent owns; the UI only displays componentsSnapshot."
AppViewModel+ComponentsVersions.swift,mixed,checkComponentsOnline,workflow,agent,components-versions,55,"Concurrently fetches online version info for Paper (via PaperDownloader), Geyser/Floodgate (via PluginDownloader), and Broadcast (via GitHubReleaseChecker), then fans results into the snapshot and into discoveredPlugins, followed by a user-sourced-plugin sweep. Real orchestration, not view code."
AppViewModel+ComponentsVersions.swift,mixed,refreshDiscoveredPlugins / findSource / updateManagedPluginOnlineVersions,workflow,agent,plugins,114,"Scans the plugins/ folder, classifies each jar into managed (Geyser/Floodgate) / userSourced (has a PluginSourceConfig, matched exact-or-prefix by findSource) / unmanaged tiers, parses display name/version via PluginNameParser, preserves already-fetched online data, and sorts (managed-first, Geyser-before-Floodgate, then alpha). This tiering + jarStem-matching is a real classification policy the agent must reproduce, not a view concern."
AppViewModel+ComponentsVersions.swift,mixed,checkUserSourcedPluginsOnline / fetchOnlineVersion,workflow,agent,plugins,237,"Concurrently checks every user-sourced plugin against its configured source (GitHub / Modrinth / Hangar / direct URL), dispatching to the matching API client and URL parser per source.type. This is the plugin-update-check engine, not UI."
AppViewModel+ComponentsVersions.swift,mixed,checkPaperVersionsOnline / switchPaperTrack,workflow,agent,components-versions,322,"Paper-only online refresh (used when switching Stable/Experimental track) plus the track-switch itself, which clears selection/version list and re-triggers the fetch. No-ops if the track isn't actually changing -- a small but real guard, not just @Published plumbing."
AppViewModel+ComponentsVersions.swift,mixed,downloadAndApplySelectedPaperVersion,workflow,agent,java-runtime,370,"Downloads the user-picked Paper build directly to the server's Paper jar location, creating the destination dir, then writes the version sidecar via PaperVersionSidecarManager so local version display updates immediately. Requires server-stopped; real provisioning workflow."
AppViewModel+ComponentsVersions.swift,mixed,downloadAndApplyJarVersion,workflow,agent,java-runtime,428,"FLAG -- downloads and applies a specific or latest server-core jar for the flavor. Includes a downgrade guard (MCVersionComparator.isDowngrade) that forces a pre-downgrade world backup and aborts the swap if the backup fails, then optionally archives the jar and writes the Paper sidecar. Core version-management workflow with a real safety policy embedded -- this exact downgrade-guard pattern also appears in upgradeModdedLoader and updateBedrockVMFiles below (see side findings)."
AppViewModel+ComponentsVersions.swift,mixed,upgradeModdedLoader,workflow,agent,java-runtime,519,"FLAG -- upgrades a modded server's loader/runtime: Fabric re-downloads the server jar and updates stored MC+loader versions; NeoForge/Forge re-run their installers into the existing server dir. Same downgrade-guard-forces-backup policy as downloadAndApplyJarVersion, duplicated here rather than shared -- persists resolved versions and records them in the loader-version library."
AppViewModel+ComponentsVersions.swift,mixed,localPaperVersionString / localPluginBuildString / localPluginJarURL,parser,agent,components-versions,659,"Determines the locally-installed Paper/plugin version: reads the PaperVersionSidecarManager sidecar first, falls back to parsing the jar filename via ComponentVersionParsing (build-number extraction from filename). Text-to-structured-data parsing, agent-owned."
AppViewModel+ComponentsVersions.swift,mixed,xboxBroadcastVersionFileURL / localBroadcastVersionString,parser,agent,xbox-broadcast,708,"Derives the installed MCXboxBroadcast version: strips the 'MCXboxBroadcastStandalone-' prefix from the configured jar's filename, or falls back to a persisted .version.txt sidecar, or reports 'Installed (version unknown)'. Filename/sidecar parsing, agent-owned."
AppViewModel+ComponentsVersions.swift,mixed,fetchBedrockVersionsIfNeeded / setBedrockVersion,workflow,agent,bedrock-versions,739,"Fetches the available Bedrock version list once (guarded so it doesn't refetch), and setBedrockVersion normalizes the picker value ('' or 'LATEST' -> nil pin) before persisting -- a real normalization policy, not just a setter."
AppViewModel+ComponentsVersions.swift,mixed,updateBedrockVMFiles,workflow,agent,bedrock-versions,771,"FLAG -- VM-backend 'pull latest image' equivalent: downgrade guard (forces pre-downgrade backup, aborts on failure) then calls BedrockProvisioner.ensureInstalled(force:true) to (re)install BDS files into serverDir. Genuine provisioning workflow; third occurrence of the downgrade-guard pattern."
AppViewModel+ComponentsVersions.swift,mixed,updateBedrockImageAndRestart,workflow,agent,bedrock-versions,818,"Docker-backend image pull orchestration: routes to updateBedrockVMFiles when the VM backend is active, otherwise checks Docker install/availability and runs `docker pull` via DockerUtility with a completion check via isImagePresent. Real subprocess-driving workflow."
AppViewModel+ComponentsVersions.swift,mixed,recordLoaderVersion / loaderVersionRecords / removeLoaderVersionRecord / applyLoaderVersionRecord,workflow,agent,java-runtime,899,"Small persisted library of past loader installs, deduped by record id (recordLoaderVersion), filtered by flavor, removable, and re-appliable (constructs a ServerVersionEntry and re-invokes upgradeModdedLoader). The dedup-by-id and filter are real logic, not pure forwarding."
AppConfig.swift,mixed,ConfigServer.minRamMB / maxRamMB,policy,agent,java-runtime,104,"Converts the persisted fractional-GB RAM allocation into whole MB (rounded) for JVM -Xms/-Xmx, Docker --memory, and VM memory sizing. A real, load-bearing unit-conversion+rounding rule the agent must reproduce exactly to keep launch flags correct -- not just a computed-property passthrough."
AppConfig.swift,mixed,ConfigServer.init(from:) / encode(to:),parser,agent,config-schema,336,"Custom Codable implementation that decodes every field added after the initial schema via decodeIfPresent with an explicit default, so older server_config.json files never fail to decode and wipe the server list. Also special-cases javaFlavor with try? so an unknown/future flavor string falls back to .paper instead of invalidating the whole entry, and never decodes xboxBroadcastAltPassword from JSON (Keychain-only). This is schema-migration logic the Rust config loader must replicate."
AppConfig.swift,mixed,RemoteAPISharedAccessEntry (init(from:) / make / isExpired),policy,agent,remote-api-auth,460,"Models a shared-access token: make() generates a UUID id + ISO8601 createdAt/optional expiresAt; isExpired compares the parsed expiry against now; init(from:) backward-compatibly defaults role to 'admin' for pre-role entries. This is pairing/token lifecycle logic (msc2-decisions calls out token lifecycle as agent-owned), not a plain data carrier."
AppConfig.swift,mixed,AppConfig.generateRemoteAPIToken / defaultServersRootPath / defaultPluginTemplateDirPath / defaultPaperTemplateDirPath / defaultConfig,policy,agent,config-schema,656,"generateRemoteAPIToken derives a 64-hex-ish bearer token from two UUIDs (the actual Remote API auth secret shape); the default*Path functions derive the on-disk layout ($HOME/MinecraftServers, _plugin_templates, _paper_templates) that defaultConfig() seeds new installs with. Server-side directory-layout and secret-generation policy, not UI."
AppConfig.swift,mixed,AppConfig.init(from:) / encode(to:),parser,agent,config-schema,719,"Backward-compatible top-level config decode with per-field defaulting (mirrors ConfigServer's pattern), plus a real normalization pass on remoteAPISharedAccess: trims label/token, generates a fresh id for blank ones, drops entries with an empty token, and dedupes by token keeping the first occurrence (lines ~779-792). Also cascades hasShownConceptGuide's default from hasShownHandbook for pre-existing installs. This dedup/normalization logic must be preserved, not just the field list."
AppViewModel+ModManagement.swift,mixed,MrpackManifest / MrpackFile / MrpackHashes / MrpackEnv / MrpackMetadata / MrpackMetadata.from,parser,agent,modpacks,31,"Modrinth .mrpack manifest schema plus MrpackMetadata.from(manifest:), a pure function that maps the manifest's `dependencies` dict (e.g. {'forge':'47.4.1','minecraft':'1.20.1'}) onto a flavor + pinned MC/loader version using an ordered match-priority list (forge, neoforge, fabric-loader, quilt-loader). Real distillation logic feeding the Add Server wizard's version pinning."
AppViewModel+ModManagement.swift,mixed,ModpackVersionEntry.make,parser,agent,modpacks,105,Builds the ServerVersionEntry a pinned modpack injects into the creation wizard from minecraftVersion/loaderFlavor/loaderVersion -- shared by both the .mrpack and CurseForge pinning paths so both formats produce one consistent 'MC — Loader version' shape.
AppViewModel+ModManagement.swift,mixed,refreshDiscoveredMods,workflow,agent,mods,142,"Scans the mods/ folder, parses fabric.mod.json / META-INF/mods.toml from each jar via ModJarMetadataParser (falling back to filename heuristics via PluginNameParser), and rebuilds the sorted ModEntry list off-main. Core mod-discovery workflow."
AppViewModel+ModManagement.swift,mixed,toggleMod / removeMod,workflow,agent,mods,192,"Enable/disable via filesystem rename (.jar <-> .jar.disabled) and permanent delete of a mod jar, each followed by a rescan (removeMod also invalidates the cached add-on update plan). Real file-state mutation, not view glue."
AppViewModel+ModManagement.swift,mixed,addModFromFilePicker,workflow,agent,mods,238,"The NSOpenPanel presentation itself is client (Finder/file-picker per the deletion test), but everything after panel.runModal() returns -- creating mods/ if needed, replacing any existing file at the destination, copying the source jar in, rescanning, invalidating the add-on plan -- is the agent's job: the eventual client will call an API endpoint with the file bytes/path instead of running a panel."
AppViewModel+ModManagement.swift,mixed,installRequiredDependencies,workflow,agent,modrinth-deps,271,"Recursively resolves and installs required Modrinth dependencies for a mod/plugin version (depth-capped at 3 to guard cycles), skipping deps already installed by mod-ID match or filename-contains-slug match, downloading via ModrinthAPI, and recursing into transitive deps. Real dependency-resolution engine."
AppViewModel+ModManagement.swift,mixed,readMrpackManifest / readMrpackMetadata,workflow,agent,modpacks,335,Extracts a .mrpack archive to a temp dir via `ditto -x -k` (not /usr/bin/unzip -- see side findings) and decodes modrinth.index.json; readMrpackMetadata composes this with MrpackMetadata.from for the wizard's manifest-only preview path.
AppViewModel+ModManagement.swift,mixed,readCurseForgeMetadata,workflow,agent,modpacks,375,"Same ditto-extraction pattern for a CurseForge modpack zip, validates manifest.json is actually a CurseForge manifest via CurseForgeModpack.isCurseForgeModpackManifest before decoding, else throws a typed 'not a CurseForge modpack' error so the wizard can show a precise message."
AppViewModel+ModManagement.swift,mixed,importModpack,workflow,agent,modpacks,407,"The full Modrinth modpack import pipeline: extracts the .mrpack, sniffs Modrinth vs CurseForge vs unrecognized by presence of modrinth.index.json (routing CurseForge packs to the CF importer), filters out manifest-declared client-only files (Tier 1), batch-fetches Modrinth project metadata to catch mods the manifest mislabels as server-required (Tier 2), downloads every server file (skipping ones already present as active or .disabled), copies overrides/ + server-overrides/ via a recursive merge, then sweeps override-provided jars for additional client-only classification (Tier 2/3) before logging a summary. This is the single largest agent workflow in the file and central to the P7 modpack story."
AppViewModel+ModManagement.swift,mixed,importExtractedCurseForgeModpack,workflow,agent,modpacks,587,"CurseForge modpack import: decodes manifest.json, requires a user-supplied API key from KeychainManager (stops early with a friendly message if absent), resolves every fileId to a download URL via CurseForgeAPI.files, downloads each (skipping existing/disabled), merges overrides/, classifies every mods/ jar as client-only via the same hash+jar-metadata tiering used for .mrpack overrides, and builds a manual-download list for files whose author disabled API distribution. Distinct from the .mrpack path because CurseForge gives no URLs or per-file env in the manifest itself."
AppViewModel+ModManagement.swift,mixed,fetchMrpackProjectMetadata,workflow,agent,modpacks,730,"Batch-fetches Modrinth project metadata (for server_side) for every downloadable manifest jar, chunked at 100 ids per Modrinth's batch cap, degrading gracefully (log + empty result) on a failed chunk rather than blocking the import."
AppViewModel+ModManagement.swift,mixed,classifyAndDisableManifestJar / disableClientOnlyOverrideJars,policy,agent,modpacks,755,"FLAG -- the client-only-mod-pruning decision logic: classifyAndDisableManifestJar resolves a manifest jar's Modrinth project (via its download URL) and jar-embedded environment, then asks ModpackClientOnlyClassifier for a disable reason; disableClientOnlyOverrideJars does the same for override-provided jars but resolves the project by SHA-512 hash lookup instead, with a Tier-0 known-client-only-by-stem check first (catches Forge-only renderer mods no other tier flags). This three-tier classification is genuine policy that determines what gets shipped to a dedicated server; the two functions duplicate the same tiering cascade (see side findings)."
AppViewModel+ModManagement.swift,mixed,mergeDirectory,workflow,agent,modpacks,840,Recursive directory merge (overwrite-on-conflict) used to copy a modpack's overrides/ and server-overrides/ trees into the server directory; returns a failure count rather than throwing so partial copies don't abort the whole import.
ServerSettingsView.swift,mixed,ServerSettingsView.validatedJavaModel(from:),policy,agent,server-settings-validation,617,"Range-validates and clamps the Java server.properties draft before save: max players 1-1000, view distance 2-32, simulation distance 2-32, server port 1-65535, op permission level 1-4, and the free-text Bedrock/Geyser port field (blank -> nil, else must parse as an int in 1-65535). This is exactly the 'Settings validation and clamping' the deletion test calls out as agent-owned schema, currently living inline in the view; saveJava()/handleSave() are thin UI-triggered callers and aren't separately ledgered. Note: this is the macOS MSCmacOS/MSCmacOS Swift/ServerSettingsView.swift (788 lines, matches both audit CSVs' mixed-bucket line count) -- a distinct 417-line file of the same name under MSCiOS/MSCRemoteiOS_Swift/ is a pure client-side schema renderer with no agent-owned logic of its own; see side findings."
ServerSettingsView.swift,mixed,ServerSettingsView.validatedBedrockModel(from:),policy,agent,server-settings-validation,648,"Same validation role for the Bedrock draft: max players 1-1000, server port 1-65535, and the free-text IPv6 port field (must parse as int 1-65535 if non-blank). saveBedrock() is a thin caller, not separately ledgered."
AppViewModel+WorldSlots.swift,mixed,defaultPersistentSlotName / ensureActiveWorldSlotExists,workflow,agent,worlds,51,"Resolves 'what is the active persistent world slot' with a real fallback chain: explicit active slot if set -> most-recently-created existing slot -> create a new slot from the current live world named from level-name (capitalized) or the Bedrock level name, falling back to 'World 1'. Not a simple getter -- this is the persistent-world-identity bootstrap logic."
AppViewModel+WorldSlots.swift,mixed,saveCurrentWorldToActiveSlot / saveCurrentWorldAsSlot,workflow,agent,worlds,108,"Saves the live world back into whatever slot ensureActiveWorldSlotExists resolves. saveCurrentWorldAsSlot is a documented legacy wrapper that intentionally now ignores its name parameter and redirects here (behavior changed from 'create new slot' to 'update active slot') -- worth preserving that semantic in the port, not just the signature."
AppViewModel+WorldSlots.swift,mixed,createNewWorldSlot,workflow,agent,worlds,156,"Validates a non-empty trimmed name, then creates a brand-new fresh world slot (optionally seeded) via WorldSlotManager and reloads the slot list on completion."
AppViewModel+WorldSlots.swift,mixed,activateWorldSlot,workflow,agent,worlds,212,"Swaps the server's active world to a given slot. Refuses outright if this server is the currently running active server (a real safety policy, not just a UI disable) and always backs up the current world before swapping via WorldSlotManager.activateSlot's backupCurrent flag."
AppViewModel+WorldSlots.swift,mixed,renameWorldSlot / setSlotThumbnail / deleteWorldSlot / duplicateWorldSlot / copyWorldSlot,workflow,agent,worlds,263,"DECIDED (agent, setSlotThumbnail specifically -- see WorldSlotManager.saveThumbnail for the full reasoning, same call). Slot CRUD orchestration otherwise unchanged: deleteWorldSlot carries a real policy (refuses to delete the currently-active slot, checked via WorldSlotManager.resolvedActiveSlotID); duplicateWorldSlot/copyWorldSlot are non-destructive-copy vs destructive-overwrite variants over the same WorldSlotManager copy primitive."
AppViewModel+WorldSlots.swift,mixed,restoreSlotBackup,workflow,agent,worlds,407,"Two-phase backup-into-slot restore: refuses if the backup's slotId doesn't match the target slot (wrong-slot guard) or if the server is currently the running active one; Phase 1 atomically swaps the slot's world.zip via a temp-file copy+move; Phase 2, only if the slot is currently active, takes a safety backup of the live world, deletes the current live world folders, and unzips the restored zip in their place via /usr/bin/unzip. A partial failure after Phase 1 is reported as recoverable ('re-activate the slot'). This is the most intricate single workflow in the WorldSlots file."
AppViewModel+WorldSlots.swift,mixed,importLegacyBackupAsNewSlot / importZIPAsSlot / exportWorldSlot,workflow,agent,worlds,552,"Import/export around the slot model: importLegacyBackupAsNewSlot validates the zip is openable then derives a proposed name (backup's slotName, else 'Imported <displayName>', else 'Imported Backup') before delegating to importZIPAsSlot, which manually constructs a new slot directory + metadata + zip-size population with rollback (removes the slot dir) on any failure. exportWorldSlot is a thin file-copy to a caller-supplied destination -- the NSSavePanel itself is explicitly documented as the UI's responsibility, not this method's."
AppViewModel+WorldSlots.swift,mixed,createInitialWorldSlotIfNeeded,workflow,agent,worlds,732,"Called after a server's first stop: if no slots exist yet but world folders are present on disk, auto-creates a persistent slot from the current world and marks it active. Idempotent (no-ops once slots exist) migration-style bootstrap for pre-slot-model servers."
AppViewModel+Templates.swift,mixed,loadPluginTemplates / addPluginTemplates / removePluginTemplate,workflow,agent,templates,30,"Manages the global plugin-template directory: lazily creates it, lists/sorts .jar contents, copies new files in (overwriting same-named existing templates), and removes one. Template-library management the agent owns (a shared resource across all servers)."
AppViewModel+Templates.swift,mixed,applyPluginTemplatesToSelectedServer,workflow,agent,templates,117,"Applies selected plugin templates to the active server's plugins/ dir. Refuses while the server is running. Real replacement policy: for each template, derives a 'prefix' (text before the first '-') and removes any existing plugin jar sharing that prefix case-insensitively before copying the template in -- this is how 'Geyser-Spigot-old.jar' gets replaced by 'Geyser-Spigot-new.jar'."
AppViewModel+Templates.swift,mixed,loadPaperTemplates / addPaperTemplates / removePaperTemplate,workflow,agent,templates,210,"Symmetric to the plugin-template trio, for the global Paper-jar template directory."
AppViewModel+Templates.swift,mixed,applyPaperTemplateToSelectedServer,workflow,agent,templates,296,"Applies a Paper template jar to the active server (server-must-be-stopped guard), resolving the destination to the configured paperJarPath or serverDir/paper.jar, replacing any existing file, and writing the PaperVersionSidecarManager sidecar by parsing the template's filename via ComponentVersionParsing so the Components tab shows the right local build even for a generic paper.jar filename."
AppViewModel+Templates.swift,mixed,downloadLatestPaperTemplate,workflow,agent,templates,363,"FLAG -- downloads the latest Paper build (via PaperDownloader) into a temp file inside the template dir, then renames it to a versioned 'paper-<version>-build<build>.jar' and reloads the template list. This async version is the currently-active implementation, invoked from downloadAndApplyLatestPaper below via await -- a separate, synchronous, self-Task.detached-wrapping function of the exact same name and purpose already exists in AppViewModel+PaperTemplateDownload.swift (line 18, ledgered earlier in this batch) and appears to have zero call sites anywhere in the codebase. See side findings -- whatever earlier fixture exists for this workflow should be checked against the active async version, not the dead sync one."
AppViewModel+Templates.swift,mixed,downloadLatestGeyserTemplate / downloadLatestFloodgateTemplate,workflow,agent,templates,410,"Same download-into-templates pattern as Paper, for Geyser/Floodgate via PluginDownloader, with build number embedded in the final filename."
AppViewModel+Templates.swift,mixed,jarSummary(for:),parser,agent,templates,500,"UNSURE -- builds a per-server display summary of the installed Paper/Geyser/Floodgate jars: for Geyser/Floodgate it scans plugins/ and picks the jar with the newest modification date among files whose stem has that prefix (a real 'which one is current' selection rule, not just a lookup), then formats '<filename> — <date>' strings. The selection rule is clearly agent logic, but whether the display-string formatting half should stay agent-side or move to the client once ported is genuinely open."
AppViewModel+Templates.swift,mixed,updatePaperFromLatestTemplate / updateGeyserFromTemplate / updateFloodgateFromTemplate / updatePluginTemplate,workflow,agent,templates,604,"Per-server 'update from template' actions: pick the latest matching template (via latestTemplate below), remove old same-prefix jars from the destination, copy the new one in, and (Paper only) write the version sidecar. updateGeyserFromTemplate/updateFloodgateFromTemplate are one-line callers into the shared updatePluginTemplate helper."
AppViewModel+Templates.swift,mixed,downloadAndApplyLatestPaper / downloadAndApplyLatestGeyser / downloadAndApplyLatestFloodgate,workflow,agent,templates,725,"Single-action 'download the latest and apply it to this server' entry points used by the Components tab: sequences a template download then the matching update-from-template call, then refreshes the local/template snapshot."
AppViewModel+Templates.swift,mixed,latestTemplate(in:prefixLowercased:),policy,agent,templates,764,"FLAG -- defines what 'latest' means when picking a template by prefix: plain lexicographic string sort on filename, last element wins (jars.sorted { $0.lastPathComponent < $1.lastPathComponent }.last). Every update-from-template call above depends on this exact rule. For filenames like 'paper-1.21.9-build5.jar' vs 'paper-1.21.10-build1.jar', string comparison does not match numeric/semver ordering -- possibly a latent bug, inherited behavior that needs an explicit port-time decision (preserve as-is vs fix to true version ordering) rather than silently carrying it forward."
AppViewModel+ServerCreation.swift,mixed,initialWorldSlotName / normalizedInitialWorldSeed,policy,agent,server-creation,18,"Derives the initial world slot's name (requested name, else the trimmed server name, else 'World 1') and normalizes the initial seed (only meaningful for a .fresh world source; blank -> nil). Small but load-bearing precedence rules used by both createNewServer and createNewBedrockServer."
AppViewModel+ServerCreation.swift,mixed,updateWorldIdentityForNewServer,workflow,agent,server-creation,32,"Writes level-name (and optionally level-seed) into server.properties (Java, via ServerPropertiesManager) or raw Bedrock properties (via BedrockPropertiesManager), branching on serverType -- the mechanism by which a newly created server's world identity gets pinned into its config file."
AppViewModel+ServerCreation.swift,mixed,createInitialPersistentWorldSlot,workflow,agent,server-creation,65,"Creates the first persistent world slot for a brand-new server from any WorldSource (fresh/backupZip/existingFolder), each routing to a different WorldSlotManager factory, then updates the server's level-name/seed to match the created slot's resolved world and marks it active. Shared by both createNewServer and createNewBedrockServer."
AppViewModel+ServerCreation.swift,mixed,createNewServer,workflow,agent,server-creation,128,"The full Java server creation pipeline: folder layout under serversRoot/java/<slug>/, branches on flavor.provisioningKind (NeoForge/Forge run their installer; Paper/Purpur/Vanilla/Fabric go through jar-source resolution with an archive-first optimization that skips a download if the exact Paper build is already archived), writes eula.txt=false and initial server.properties (port/motd/difficulty/gamemode/level-name/seed pulled from imported-world metadata when applicable), creates the add-on folder and applies cross-play templates if requested, stages the chosen world source, constructs the ConfigServer (RAM defaults differ for modded vs plugin flavors), creates the initial world slot (aborting and cleaning up the folder if that fails), applies any wizard-staged add-ons, and rolls back the whole directory on any thrown error. This is the single most consequential workflow across all 8 files for the port."
AppViewModel+ServerCreation.swift,mixed,createNewBedrockServer,workflow,agent,server-creation,408,"Bedrock analogue of createNewServer: folder layout under serversRoot/bedrock/<slug>/, writes raw BDS properties + empty allowlist/permissions files, resolves the actual world folder from a user-selected import via resolvedBedrockWorldFolder, stages the world source (BDS expects worlds at serverDir/worlds/{level-name}/), constructs the ConfigServer, creates the initial world slot with the same abort-and-cleanup-on-failure pattern as the Java path."
AppViewModel+ServerCreation.swift,mixed,applyCrossPlayTemplatesIfAvailable,workflow,agent,server-creation,547,Locates the Geyser/Floodgate jars in the global plugin-template dir and copies both into a freshly created server's plugins/ dir when cross-play was requested at creation time; logs a clear message if either template is missing rather than silently skipping.
AppViewModel+ServerCreation.swift,mixed,resolvedBedrockWorldFolder,parser,agent,server-creation,592,"Detects the actual Bedrock world folder (the directory containing level.dat) within a user-selected import URL, handling both 'user picked the world folder itself' and 'user picked a wrapper/parent folder containing exactly one world subfolder' shapes, falling back to the original selection if neither pattern matches. Real structural detection heuristic over Finder-selected input."
AppViewModel+ServerCreation.swift,mixed,archiveServerJar,policy,agent,java-runtime,622,"Copies a freshly-downloaded server-core jar into the shared archive dir under a versioned filename whose pattern is flavor-specific (paper-X-buildN.jar, purpur-X-buildN.jar, minecraft_server-X.jar, fabric-server-launch-X.jar); no-ops for flavors without a defined pattern (NeoForge/Forge, which archive via their own installer path). Server/core jars only -- mods are explicitly excluded from this mechanism."
AppViewModel+ServerCreation.swift,mixed,applyStagedAddOn,workflow,agent,server-creation,664,"Applies one wizard-staged add-on chosen during server creation, dispatching on its source: Modrinth version download, local-jar copy, arbitrary remote-URL download, .mrpack/CurseForge modpack import (delegates to importModpack, which sniffs the archive kind), or a plain zip whose top-level jars get extracted (via ditto, not unzip) and copied in. One function, six real provisioning paths."
AppViewModel+OutputHandling.swift,mixed,handleServerOutputLine,workflow,agent,console-parsing,17,"The per-console-line dispatcher: silently consumes world-time and spark-tps-block responses (so they never reach the console display), feeds registered console-line waiters (the single observation point backups use for save-confirmation), detects server-ready state (a Paper 'Done (' line or a Bedrock 'Server started' line), triggers first-run auto-stop during Initiate pass 1, mirrors to Bedrock's log file, and fans out to every parse* function below. This is the core of 'console log parsing' the deletion test explicitly calls out as agent-owned."
AppViewModel+OutputHandling.swift,mixed,startBedrockLogFile / appendBedrockLogLine / closeBedrockLogFile / pruneRolledBedrockLogs,workflow,agent,bedrock-logging,105,"Because BDS writes no log file of its own, MSC mirrors its console output into logs/latest.log, rolling the previous session to a timestamped console-<date>.log on each start and pruning to the 10 most recent rolled logs. Writes go through a serial background queue to avoid blocking the main thread during output bursts, with ordering guaranteed relative to close."
AppViewModel+OutputHandling.swift,mixed,diagnoseUnexpectedStop / reopenStartupProblems / scanPaperSoftFailures,workflow,agent,diagnostics,184,"Startup-failure diagnostics: diagnoseUnexpectedStop runs StartupCrashAnalyzer off-main against the recent console excerpt for modded servers that never reached ready state, persisting a structured LastStartupResult and surfacing offender summaries; scanPaperSoftFailures does the analogous non-fatal scan for plugin load failures on a *successful* Paper start; reopenStartupProblems reloads that persisted JSON to reopen the diagnostics sheet later. The JSON decode/persist and the analysis calls are agent; only the boolean 'show sheet' flag is UI."
AppViewModel+OutputHandling.swift,mixed,parseBedrockVersion,parser,agent,console-parsing,278,Extracts the running Bedrock server version from the 'Starting Minecraft Bedrock server version X' startup line.
AppViewModel+OutputHandling.swift,mixed,checkDockerDaemonRunning,workflow,agent,docker,292,"Runs `docker info` as a subprocess with a 3-second hard timeout (force-terminates if still running) to determine daemon availability, trying /usr/local/bin/docker then falling back to /usr/bin/docker."
AppViewModel+OutputHandling.swift,mixed,handleBroadcastOutputLine / parseBroadcastGamertag / parseBroadcastAuthPrompt,parser,agent,xbox-broadcast,319,"Parses MCXboxBroadcast's own console output: extracts the device-auth link+code from 'enter the code X at https://www.microsoft.com/link' to surface a sign-in prompt, extracts the authenticated gamertag from 'Successfully authenticated as X (xuid)' (arming a technical-wait timeout and offering to save the gamertag), and detects 'Creation of Xbox LIVE session was successful' as the broadcast-ready signal for the Initiate flow."
AppViewModel+OutputHandling.swift,mixed,parseTps / recordTpsSample,policy,agent,tps,377,"Delegates the actual line format detection to the (presumably already-ledgered) TpsLineParser seam, but owns the resulting state update: sets the three current TPS values and appends to a capped-at-30-samples rolling history for the Performance tab."
AppViewModel+OutputHandling.swift,mixed,consumeSparkTpsLine / endSparkBlock,parser,agent,tps,402,"A small stateful parser for the multi-line `/spark tps` auto-poll reply (~9 lines): detects the header only while a block was explicitly requested (so a user's manual /spark tps still prints normally), captures the TPS values line via TpsLineParser.parseSparkValues, then swallows the CPU-usage and tick-duration sections by content/count until the block ends, with a hard 12-line safety-net cap. Returns whether each line was consumed so the caller drops it from the console display."
AppViewModel+OutputHandling.swift,mixed,isWorldTimeResponseLine / parseWorldTime,parser,agent,world-time,449,"Parses server responses to auto-issued `time query` commands across three distinct wire formats that have changed across Minecraft versions (Paper 26+ 'The game time is X', Paper 1.21.4+ 'Timeline minecraft:day/gametime is at X ticks', and the legacy positional 'The time is X' queue where response order must be tracked via pendingTimeQueryKinds) into worldDayNumber / worldTimeOfDayTicks. Genuine multi-format parsing with a stateful fallback for the oldest format."
AppViewModel+OutputHandling.swift,mixed,parseFeaturedHealth,parser,agent,console-parsing,513,Extracts a numeric health value from the response to `/data get entity <name> Health` for the currently-featured player.
AppViewModel+OutputHandling.swift,mixed,parsePlayerList,parser,agent,console-parsing,526,"Parses a '<N> players online: name1, name2, ...' line into the onlinePlayers list, appends any new names to the session history, and records the count into a capped rolling history."
AppViewModel+OutputHandling.swift,mixed,parseBedrockPlayerEvent,workflow,agent,console-parsing,560,"Parses Bedrock 'Player connected: name, xuid: X' / 'Player disconnected: name' lines, extracting gamertag+optional XUID, updating/merging the online-players list, recording session join/leave events, firing notifications, backfilling a blank-XUID allowlist entry once the XUID becomes known, persisting the XUID->name mapping to BedrockNameCache, and triggering a profile refresh. The densest single parser in the file -- extractIdentity's comma/xuid-prefix parsing plus five follow-on side effects."
AppViewModel+OutputHandling.swift,mixed,parseJavaPlayerEvent,parser,agent,console-parsing,624,"Parses Java's ' joined the game' / ' left the game' suffix lines by taking the last whitespace-delimited token before the suffix as the player name, then records the session event and fires the matching notification."
AppViewModel+OutputHandling.swift,mixed,backfillBedrockAllowlistXUIDIfNeeded,workflow,agent,console-parsing,648,"When a Bedrock player connects with a known XUID, finds the matching allowlist entry that currently has a blank XUID (by case-insensitive name match) and fills it in, persisting the updated allowlist. Closes the gap where a player was allowlisted by name before their first connect."
CurseForgeManualDownloadSheet.swift,ui-flagged,scanWatchFolder (exact / macOS-duplicate-suffix / single-remaining-fallback filename matching) / startWatching / scheduleMove / chooseWatchFolder,workflow,client,n/a,229,"UNSURE -- watches a local Downloads-style folder and matches newly-appeared files against a list of expected CurseForge mod filenames (exact match, then a macOS 'name (1).ext' duplicate-suffix pattern, then a single-remaining-file fallback), moving matches into the server's mods/ directory. Contains real matching logic (the three-tier heuristic), but the entire mechanism is inherently tied to the local device: in MSC 1 the browser download and the mods/ folder are on the same Mac, so a local FileManager watch-and-move works. In MSC 2's client/agent split this doesn't map cleanly -- the download happens in the user's browser (on whatever device runs the client) while mods/ lives on the agent's machine, so 'watch local Downloads and move the file' would need to become 'client uploads the matched file to an agent endpoint' instead. Marked client because folder-watching is a local-device concern (same category as Finder/file-picker presentation), but the three-tier filename-matching algorithm itself is worth preserving conceptually if this manual-download UX survives the port -- see side findings."
DetailsComponentsTabView.swift,ui-flagged,ComponentStatus.derive / isVersionNewer / buildNumber / versionsMatch,policy,agent,component-version,1312,"FLAG -- a real component-version-comparison engine embedded in a status-pill view helper: parses a 'buildN' suffix out of a version string when present (preferring build-number comparison over the raw string), otherwise falls back to dot-separated numeric version-component comparison, and classifies local/template/online into Missing/Template mismatch/Update available/Up to date. This is domain knowledge (how to compare two component version strings) that likely overlaps with the already-fixture-covered P0.4 component-version parsing/comparison domain (fixtures/component-version/) and/or MCVersionComparator referenced elsewhere in the mixed-bucket ledger (AppViewModel+ComponentsVersions.swift's downgrade guard) -- worth an explicit cross-check against those existing fixtures rather than treating this as a wholly separate implementation to port. Everything else in this 1529-line file (toolbars, row views, sheets, badges) is routine SwiftUI wired to already-agent-owned AppViewModel methods -- client, not separately ledgered."
ServerEditorJarsTab.swift,ui-flagged,moddedServerIsInstalled(cfg:),policy,agent,server-installation,93,"Checks for flavor-specific installation markers on disk (fabric-server-launch.jar, quilt-server-launch.jar, or run.sh/libraries/ for NeoForge/Forge) to decide whether a modded server's loader is actually installed yet. This is 'Server installation detection' verbatim from the deletion test's Agent column, currently duplicated here rather than reusing the mixed-bucket AppViewModel+ServerImport.detectJavaFlavor detection logic (see side findings) -- worth consolidating during the port."
ServerEditorJarsTab.swift,ui-flagged,xboxBroadcastJarLabel(for:),parser,agent,xbox-broadcast,222,"Reads the configured broadcast jar's file-modification date and formats a '<filename> — <date>' display string, gated on the file actually existing on disk. Same newest-file-with-mtime-formatting pattern already ledgered as UNSURE for AppViewModel+Templates.jarSummary (mixed bucket) and duplicated again in JarsTabPluginRow.filename / JarsTabModRow.filename in this same file -- a third occurrence worth consolidating (see side findings). otherPluginEntries() (line 214) is pure view-list filtering over an already-classified list and isn't separately ledgered."
RouterPortForwardGuideReader.swift,ui-flagged,ValueSummarySectionView.tokenForBullet(_:),policy,client,n/a,392,"Maps an already-resolved display bullet's label prefix ('Target device', 'Java port', 'Recommended protocol', 'Bedrock port', 'Bedrock enabled') back to a RouterGuideToken case, used only to decide whether to render a cell as 'could not detect' (unresolved-token styling). Operates entirely on strings the agent-owned RouterPortForwardGuideRuntimeResolver (mixed bucket, already ledgered) has already produced -- this is UI-only reverse-lookup for highlighting, not new domain logic, so client. The rest of the file (SectionDispatcher and every *SectionView/*Row struct) is routine SwiftUI presentation of pre-resolved guide content and isn't separately ledgered."
MSCSettingsView.swift,mixed,buildPairingLink(token:),workflow,agent,pairing,686,"Builds the mscremote://pair URL (base host + port + token as query items) that MSCRemoteiOS scans/opens to pair. This is the pairing wire format itself, not a view -- matches the deletion test's own worked example ('Pairing security and token lifecycle belong to the agent/API'). Belongs in the agent/API layer that also owns the token."
MSCSettingsView.swift,mixed,preferredPairingHost(exposeOnLAN:) / isLocalOrPrivateHost / candidateIPv4Addresses,policy,agent,networking,751,"Decides which of this machine's own addresses to advertise for pairing: prefer a Tailscale 100.x address, else a private-range LAN address, else none. candidateIPv4Addresses enumerates local interfaces via getifaddrs (macOS-specific syscalls); isLocalOrPrivateHost classifies an address as loopback/.local/10.x/192.168.x/172.16-31.x/169.254.x. 'What address can reach me' is inherently the agent's own knowledge, not the client's -- but isLocalOrPrivateHost's range classification duplicates logic already fixture-covered by P0.14 (NetworkSafetyTests, private-range classification); the port belongs against those existing fixtures rather than re-deriving new ones."
MSCSettingsView.swift,mixed,addSharedAccessEntry(label:) / setSharedAccessEntryRole(id:role:) / revokeSharedAccessEntry(id:) / regenerateRemoteAPIToken(),workflow,agent,auth,812,"Generates/assigns-role-to/revokes named Remote API tokens and rotates the owner's bearer token, today by mutating local AppConfig JSON directly. This is exactly the named-token permission model the deletion test names as agent-owned ('Pairing security and token lifecycle belong to the agent/API') and that D-019 says must be preserved and formalized. Target domain corresponds directly to the already-built POST /users, /users/revoke, /users/update route family (P0.23g) -- in MSC 2 this view's local mutations become calls to those routes instead of direct config writes."
MSCSettingsView.swift,mixed,computeStorageSizes() / directorySize(at:),workflow,agent,diagnostics,874,"Walks the app-support and servers-root directory trees (FileManager.enumerator, summing regular-file sizes) to report disk usage. Disk usage can only be measured on the machine that actually holds the files -- on a headless/remote agent the client has no filesystem access at all, so this must be an agent capability (likely a new /storage-style route; no existing route reports this today, see P0.30 notes)."
MSCSettingsView.swift,mixed,"loadSettings() / Save button (javaPath, extraFlags, curseForgeAPIKey, remoteAPIExposeOnLAN, useVMBedrockBackend)",workflow,agent,config,637,"Reads/writes the app-level preferences that actually govern agent behavior: Java executable path + JVM flags (needed wherever Java servers are launched), the CurseForge API key (used server-side for modpack imports, stored in Keychain), whether the Remote API binds to LAN, and which Bedrock backend to use. MSC 1 exposes none of this over HTTP today -- it's local-only JSON/Keychain on the one Mac running the app -- so unlike the rest of P0.30's gap list this isn't a route MSC 1 already has; it's a route family MSC 2 will need to add. bannerColorHex and suppressQuitWarning in the same Save action are pure client cosmetics, not included here. UNSURE: preferredPairingHostInput (line 27) -- it's persisted through this same save path but only affects what host string clients see in pairing links; could be argued client-side instead."
MSCSettingsView.swift,mixed,runFullReset(),workflow,client,n/a,661,"Thin call-site: the four-step confirmation ladder (lines 328-351) is UI presentation, and the actual delete-everything behavior is entirely inside viewModel.resetApplicationForTesting() -- implemented in an AppViewModel extension, not this file, so it is out of scope for a row here. Confirmation sequencing itself is client."
ServerEditorView.swift,mixed,crossPlayLabel(for:),policy,agent,components,1012,Lists the server's plugins/ directory and checks installed jar filenames for 'geyser'/'floodgate' to report cross-play status (Enabled/Partial/Disabled). This is server-installation detection by direct filesystem inspection -- the deletion test's own worked example ('Server installation detection belongs to the agent'). crossPlayLabelColor (line 1032) is a pure cosmetic mapping of the resulting string to a SwiftUI Color and stays client.
ServerEditorView.swift,mixed,saveSettingsDraftIfNeeded(),workflow,agent,settings,1108,"Coordinates validating and persisting both the Java and Bedrock server-properties drafts in one Save action (via ServerSettingsView.validatedJavaModel/validatedBedrockModel, already the P0.23b /settings target, plus PurpurConfigManager). The validators themselves live in ServerSettingsView.swift; this function is the call site that sequences load-validate-save-refresh-draft across both server types in one place, which is real orchestration logic an agent-side settings-update handler must reproduce."
ServerEditorView.swift,mixed,deleteServerFolderAndConfig(for:),workflow,client,n/a,1184,"Thin call-site behind the destructive-action confirmationDialog (lines 758-768): calls viewModel.deleteServerFromDisk(withId:), implemented in an AppViewModel extension outside this file. The confirmation UX is client; the actual delete-from-disk behavior is agent but is a different file's symbol to disposition."
